"","X","School","Rank","USNWR.Ranking.Research","USNWR.Primary.Care.Ranking","Applications","Interviews","Percent_interviewed","Admits","Percent_admitted_post_II","MCAT","GPA","AOA","AOA_before_match","Internal_rank","PC_grades","PC_length","Clerkship_grades","NBME_or_in_house","MSPE_adj","Lecture_attendance","Home_hospital","Apps.IS","IS.II","IS.Accepted","IS.enrolled","Apps.OOS","OOS.II","OOS.Accepted","OOS.enrolled","Total.apps","TOTAL.II","total.accepted","Total.enrolled","post.II...A","IS...post.II.A","OOS...post.II.A","A...rate","Step.1","Step.1...pass","step.2","step.2.pass","OOS.II.OOS.applicants","Public.Private","OOS.IS.matriculants","Median.MCAT","Median.GPA","class.size","X..of.students.OOS","apply.OOS.to.public.state.school.","IS_A","OOS_A","IS_A.OOS_A","State"
"1",1,"Harvard Medical School",1,1,8,"8,002","851","11%","222","26%",521,3.96,"No","No","No","P/F","1.5 Years","P/F","Both","No","Required","Boston Children’s Hospital, Brigham and Women’s Hospital, Cambridge Health Alliance, Massachusetts General Hospital, Beth Israel Deaconess Medical Center",511,75,22,19,6197,723,212,149,6708,798,234,168,29.3,29.33,29.32,"3.49%",245,"100%",250,"100%",11.67,"Private","89%",520,3.94,165,"90.30%","Yes",4.30528375733855,3.42101016620946,1.25848318133146,"MA"
"2",2,"Johns Hopkins",2,7,59,"4,548","576","13%","288","50%",521,3.96,"Yes","No","No","P/F","1.5 Years","P/F","In-House Exams","No","Optional","Johns Hopkins Hospital, Johns Hopkins Bayview Medical Center, Johns Hopkins All Children’s Hospital",265,46,21,13,3935,618,263,108,4200,664,284,121,42.8,45.65,42.56,"6.76%",246,"100%",250,"100%",15.71,"Private","89%",521,3.95,118,"91.53%","Yes",7.92452830188679,6.68360864040661,1.18566611665112,"MD"
"3",3,"UPenn (Perelman)",3,9,24,"7,327","809","11%","281","35%",522,3.96,"Yes","No","Yes","P/F","1.5 Years","H/HP/P/F","Both","Yes","Optional","HUP, Pennsylvania Hospital, Penn Presbyterian, VA, Children's Hospital of Philadelphia",510,74,25,19,4750,660,250,136,5260,734,275,155,37.5,33.78,37.88,"5.23%",247,"99%",252,"100%",13.89,"Private","88%",522,3.94,152,"89.47%","Yes",4.90196078431373,5.26315789473684,0.931372549019608,"PA"
"4",4,"Columbia University",4,4,66,"8,080","852","11%","293","34%",522,3.95,"Yes","No","No","P/F","1.5 Years","H/HP/P/F","Both","No","Optional","Columbia University Irving Medical Center",1219,124,47,21,6074,733,253,119,7293,857,300,140,35,37.9,34.52,"4.11%",238,"98%",244,"99%",12.07,"Private","85%",522,3.92,138,"86.23%","Yes",3.85561936013125,4.16529469871584,0.92565343847578,"NY"
"5",5,"Duke University",5,3,51,"9,071","672","7%","261","39%",520,3.92,"No","No","No","P/F","1 Year","P/F","Both","No","Optional","Duke University Hospital",575,103,40,23,7047,571,238,98,7622,674,278,121,41.2,38.83,41.68,"3.65%",241,"99%",245,"97%",8.1,"Private","81%",519,3.89,129,"75.97%","Yes",6.95652173913043,3.37732368383709,2.05977347460723,"NC"
"6",6,"Stanford University",6,4,22,"11,325","500","4%","157","31%",519,3.92,"No","No","No","P/F","2 Years","P/F","Both","Yes","Optional","Stanford University Hospital",2323,154,37,25,4477,315,118,65,6800,469,155,90,33,24.03,37.46,"2.28%",243,"100%",243,"100%",7.04,"Private","72%",519,3.89,90,"72.22%","Yes",1.59276797244942,2.63569354478445,0.604306967174241,"CA"
"7",7,"UCSF",7,4,2,"9,090","545","6%","255","47%",517,3.89,"No","No","No","P/F","1.5 Years","P/F","Both","No","Optional","UCSF Health",3537,314,169,118,3808,193,116,43,7345,507,285,161,56.2,53.82,60.1,"3.88%",238,"100%",247,"99%",5.07,"Public","27%",518,3.86,178,"24.16%","",4.77806050325134,3.04621848739496,1.56852193072251,"CA"
"8",8,"Vanderbilt University",8,13,36,"7,269","727","10%","330","45%",521,3.95,"No","No","No","P/F","1 Year","P/F","Both","Yes","Optional","Vanderbilt Adult Hospital, Psych Hospital, Children’s Hospital, and Rehab hospital",295,33,28,23,5583,577,297,71,5878,610,325,94,53.3,84.85,51.47,"5.53%",246,"98%",251,"100%",10.33,"Private","76%",521,3.94,93,"76.34%","Yes",9.49152542372881,5.31972058033315,1.78421503167266,"TN"
"9",9,"WashU St. Louis",9,11,59,"4,584","1,183","26%","344","29%",521,3.95,"No","No","No","P/F","1.5 Years","H/P/F","Both","No","Optional","Barnes-Jewish Hospital",168,47,9,5,3527,1093,288,99,3695,1140,297,104,26.1,19.15,26.35,"8.04%",241,"98%",255,"100%",30.99,"Private","95%",521,3.94,124,"79.84%","Yes",5.35714285714286,8.16557981287213,0.656063988095238,"MO"
"10",10,"Weill Cornell Medicine",10,19,51,"7,926","782","10%","267","34%",519,3.93,"Yes","Yes","No","P/F","1.5 Years","H/HP/P/F","In-House Exams","No","Optional","NewYork-Presbyterian",1240,143,57,22,5642,670,236,84,6882,813,293,106,36,39.86,35.22,"4.26%",236,"98%",252,"100%",11.88,"Private","79%",519,3.91,106,"79.25%","Yes",4.59677419354839,4.18291386033322,1.0989406779661,"NY"
"11",11,"NYU Grossman",11,2,41,"8,936","1,060","12%","219","21%",523,3.98,"Yes","No","No","P/F","1 Year","H/HP/P/F","In-House Exams","Yes","Optional","Tisch/Kimmel, Bellevue Hospital, VA Hospital",1291,135,33,20,7952,865,172,82,9243,1000,205,102,20.5,24.44,19.88,"2.22%",244,"99%",250,"99%",10.88,"Private","80%",522,3.95,101,"81.19%","Yes",2.55615801704105,2.16297786720322,1.18177724136689,"NY"
"12",12,"Yale School of Medicine",12,10,59,"5,176","640","12%","297","46%",522,3.95,"No","No","No","P/F","1.5 Years","P/F","NBME Based","No","Optional","Yale New Haven Hospital",203,34,15,11,4806,614,276,89,5009,648,291,100,44.9,44.12,44.95,"5.81%",244,"99%",248,"97%",12.78,"Private","89%",521,3.91,104,"85.58%","Yes",7.38916256157635,5.74282147315855,1.28667808952667,"CT"
"13",13,"Mayo Clinic",13,11,41,"5,067","795","16%","227","29%",521,3.95,"No","No","No","P/F","1.5 Years","H/HP/P/F","NBME Based","Yes","Optional","Mayo Clinic",667,79,28,21,5663,738,174,84,6330,817,202,105,24.7,35.44,23.58,"3.19%",245,"99%",245,"100%",13.03,"Private","80%",520,3.94,103,"81.55%","Yes",4.19790104947526,3.0725763729472,1.3662479105275,"MN"
"14",14,"Northwestern University",14,15,39,"8,072","806","10%","398","49%",521,3.93,"Yes","Yes","No","P/F","2 Years","H/HP/P/F","Both","Yes","Optional","Northwestern Memorial Hospital",836,127,74,41,6216,674,329,119,7052,801,403,160,50.3,58.27,48.81,"5.71%",244,"99%",254,"100%",10.84,"Private","74%",520,3.91,160,"74.38%","Yes",8.85167464114833,5.29279279279279,1.67240150666802,"IL"
"15",15,"University of Michigan",15,15,15,"9,401","408","4%","337","83%",518,3.9,"Yes","Yes","Yes","P/F","1 Year","H/HP/P/F","In-House Exams","Yes","Optional","University Hospital",1240,104,91,72,7032,364,290,96,8272,468,381,168,81.4,87.5,79.67,"4.61%",237,"98%",251,"99%",5.18,"Public","57%",518,3.87,168,"57.14%","Yes",7.33870967741935,4.12400455062571,1.779510567297,"MI"
"16",16,"University of Pittsburgh",16,13,34,"7,099","931","13%","295","32%",516,3.87,"No","No","No","P/F","1.5 Years","H/HP/P/F","In-House Exams","No","Required","University of Pittsburgh Medical Center",829,156,84,55,6348,578,249,94,7177,734,333,149,45.4,53.85,43.08,"4.64%",233,"95%",249,"99%",9.11,"Private","63%",518,3.86,149,"63.09%","Yes",10.1326899879373,3.92249527410208,2.58322554391268,"PA"
"17",17,"University of Washington",17,7,1,"7,631","790","10%","344","44%",512,3.81,"Yes","Yes","Yes","P/F","2 Years","H/HP/P/F","Both","Yes","Required","UW Medical Center",1386,632,310,252,6186,54,48,18,7572,686,358,270,52.2,49.05,88.89,"4.73%",231,"97%",245,"99%",0.87,"Public","7%",512,3.74,270,"6.67%","",22.3665223665224,0.775945683802134,28.8248556998557,"WA"
"18",18,"Icahn at Mount Sinai",18,17,69,"8,276","823","10%","282","34%",519,3.92,"No","No","No","P/F","1.5 Years","H/P/F","NBME Based","No","Optional","The Mount Sinai Hospital",1357,216,83,38,5342,732,271,102,6699,948,354,140,37.3,38.43,37.02,"5.28%",239,"99%",251,"99%",13.7,"Private","73%",519,3.87,140,"72.86%","Yes",6.11643330876934,5.07300636465743,1.20568216735962,"NY"
"19",19,"UCLA",19,21,12,"13,072","894","7%","375","42%",514,3.85,"No","No","No","P/F","1 Year","P/F","In-House Exams","No","Optional","UCLA Medical Center",5619,469,163,105,6165,360,170,70,11784,829,333,175,40.2,34.75,47.22,"2.83%",235,"97%",246,"99%",5.84,"Public","40%",516,3.84,175,"40.00%","",2.90087204128849,2.75750202757502,1.05199271379668,"CA"
"20",20,"UChicago (Pritzker)",20,17,34,"7,362","640","9%","237","37%",521,3.94,"Yes","Yes","No","P/F","1.5 Years","H/HP/P/F","Both","No","Optional","University of Chicago Medicine",709,83,42,16,5440,548,209,74,6149,631,251,90,39.8,50.6,38.14,"4.08%",242,"99%",250,"99%",10.07,"Private","82%",521,3.93,90,"82.22%","Yes",5.92383638928068,3.84191176470588,1.54189808409985,"IL"
"21",21,"UCSD",21,19,28,"8,213","845","10%","278","33%",516,3.86,"No","No","No","P/F","2 Years","H/NH/P/F","In-House Exams","No","Optional","UCSD Medical Center",4418,549,207,117,3328,223,70,17,7746,772,277,134,35.9,37.7,31.39,"3.58%",235,"100%",248,"98%",6.7,"Public","13%",517,3.83,133,"12.78%","",4.68537799909461,2.10336538461538,2.22756256871241,"CA"
"22",22,"Baylor",22,22,17,"5,783","903","16%","295","33%",519,3.94,"Yes","Yes","Yes","P/F","1.5 Years","P/F","NBME Based","Yes","Optional","Texas Medical Center",1888,581,257,156,4363,259,77,30,6251,840,334,186,39.8,44.23,29.73,"5.34%",244,"100%",252,"100%",5.94,"Private","16%",518,3.93,188,"15.96%","",13.6122881355932,1.76484070593628,7.71304066696016,"TX"
"23",23,"Emory University",23,22,36,"9,117","668","7%","304","46%",517,3.84,"No","No","No","P/F","1.5 Years","P/F","In-House Exams","No","Optional","Grady Memorial Hospital, Emory University Hospital",591,159,67,44,8428,502,241,92,9019,661,308,136,46.6,42.14,48.01,"3.42%",239,"99%",249,"99%",5.96,"Private","68%",517,3.8,136,"67.65%","Yes",11.336717428088,2.85951589938301,3.96455827734131,"GA"
"24",24,"UTSW",24,26,32,"4,137","844","20%","401","48%",517,3.93,"Yes","Yes","Yes","P/F","1.5 Years","H/NH/HP/P/F","In-House Exams","No","Required","William P. Clements Jr. University Hospital",4137,676,349,192,1319,147,74,36,5456,823,423,228,51.4,51.63,50.34,"7.75%",238,"100%",251,"99%",11.14,"Public","16%",518,3.9,228,"15.79%","No",8.43606478124244,5.61031084154663,1.50367154681875,"TX"
"25",25,"Case Western Reserve",25,25,74,"8,090","1,131","14%","529","47%",519,3.9,"No","No","No","P/F","2 Years","H/HP/P/F","Both","No","Optional","University Hospitals, Cleveland Clinic, MetroHealth Medical Center, and Louis Stokes VA Medical Center",761,122,64,34,7365,926,477,181,8126,1048,541,215,51.6,52.46,51.51,"6.66%",237,"98%",246,"99%",12.57,"Private","84%",519,3.86,215,"84.19%","Yes",8.40998685939553,6.4765784114053,1.29852312829032,"OH"
"26",26,"Colorado",26,27,6,"5,593","723","13%","304","42%",516,3.89,"Yes","Yes","Yes","P/F","1 Year","H/HP/P/F","Both","No","Required","UC Hospital",679,136,85,66,9756,570,241,89,10435,706,326,155,46.2,62.5,42.28,"3.12%",226,"93%",245,"100%",5.84,"Public","57%",515,3.83,155,"57.42%","Yes",12.5184094256259,2.47027470274703,5.06761835503761,"CO"
"27",27,"UNC",27,24,3,"6,289","691","11%","262","38%",516,3.82,"Yes","Yes","","","","","NBME Based","","Required","",1062,504,205,159,5220,125,52,34,6282,629,257,193,40.9,40.67,41.6,"4.09%",234,"98%",249,"100%",2.39,"Public","18%",515,3.78,193,"17.62%","",19.3032015065913,0.996168582375479,19.377444589309,"NC"
"28",28,"Ohio State University",28,33,28,"7,013","641","9%","420","66%",516,3.9,"Yes","Yes","Yes","P/F","1.5 Years","P/F","Both","Yes","Optional","The Ohio State University Wexner Medical Center",1232,270,165,109,5877,303,214,96,7109,573,379,205,66.1,61.11,70.63,"5.33%",232,"97%",253,"100%",5.16,"Public","47%",517,3.92,205,"46.83%","Yes",13.3928571428571,3.64131359537179,3.67802903871829,"OH"
"29",29,"USC (Keck)",29,29,46,"8,920","665","7%","356","54%",517,3.86,"Yes","Yes","Yes","P/F","1.5 Years","H/HP/P/F","NBME Based","Yes","Optional","Los Angeles General Hospital, Keck Medical Center, USC Norris Cancer Research Hospital, and Children's Hospital of Los Angeles",3908,546,276,150,4477,196,103,36,8385,742,379,186,51.1,50.55,52.55,"4.52%",236,"99%",245,"99%",4.38,"Private","19%",517,3.76,186,"19.35%","Yes",7.06243602865916,2.30064775519321,3.06975981556379,"CA"
"30",30,"Oregon University",30,29,4,"6,506","520","8%","250","48%",511,3.74,"Yes","Yes","Yes","P/F","1.5 Years","P/F","NBME Based","Yes","Optional","OHSU Hospital",634,361,160,116,5921,205,81,34,6555,566,241,150,42.6,44.32,39.51,"3.68%",226,"96%",242,"100%",3.46,"Public","23%",512,3.77,160,"21.25%","",25.2365930599369,1.36801216010809,18.4476379639366,"OR"
"31",31,"University of Virginia",31,31,19,"4,687","568","12%","470","83%",520,3.94,"Yes","Yes","No","P/F","1.5 Years","A/B/C/F","Both","No","Optional","UVA University Hospital",641,133,116,73,3192,451,353,82,3833,584,469,155,80.3,87.22,78.27,"12.24%",238,"99%",256,"99%",14.13,"Public","53%",520,3.93,156,"52.56%","Yes",18.0967238689548,11.0588972431078,1.63639497421257,"VA"
"32",32,"Boston University",32,33,44,"11,405","876","8%","465","53%",518,3.88,"Yes","Yes","No","P/F","1.5 Years","H/HP/P/F","In-House Exams","Yes","Optional","Boston Medical Center",729,159,78,33,7355,846,393,119,8084,1005,471,152,46.9,49.06,46.45,"5.83%",238,"99%",250,"99%",11.5,"Private","78%",518,3.86,152,"78.29%","Yes",10.6995884773663,5.34330387491502,2.00242934480989,"MA"
"33",33,"University of Maryland",33,27,16,"5,792","534","9%","288","54%",514,3.86,"Yes","Yes","Yes","H/HP/P/F","2 Years","H/HP/P/F","In-House Exams","Yes","Required","University of Maryland Medical Center",908,266,180,109,3976,275,105,43,4884,541,285,152,52.7,67.67,38.18,"5.84%",232,"98%",244,"99%",6.92,"Public","28%",514,3.83,152,"28.29%","Yes",19.8237885462555,2.64084507042254,7.50660792951542,"MD"
"34",34,"University of Rochester",34,36,14,"5,669","719","13%","318","44%",518,3.91,"Yes","Yes","No","P/F","1 Year","H/HP/P/F","Both","Yes","Optional","Strong Memorial Hospital and Golisano Children’s Hospital",1208,144,82,33,3950,463,218,69,5158,607,300,102,49.4,56.94,47.08,"5.82%",232,"99%",246,"100%",11.72,"Private","68%",518,3.84,102,"67.65%","Yes",6.78807947019868,5.51898734177215,1.22995017923325,"NY"
"35",35,"Brown University",35,36,19,"11,049","395","4%","307","78%",517,3.87,"Yes","Yes","No","P/F","1.5 Years","H/HP/P/F","In-House Exams","No","Optional","",105,20,20,15,9033,355,270,129,9138,375,290,144,77.3,100,76.06,"3.17%",234,"100%",250,"98%",3.93,"Private","90%",517,3.83,144,"89.58%","Yes",19.047619047619,2.98904018598472,6.37248677248677,"RI"
"36",36,"University of Alabama",36,32,21,"4,700","494","11%","271","55%",511,3.9,"Yes","Yes","Yes","P/F","2 Years","H/HP/P/F","Both","Yes","Optional","UAB Medicine",537,279,184,157,4076,206,100,29,4613,485,284,186,58.6,65.95,48.54,"6.16%",233,"98%",243,"99%",5.05,"Public","16%",510,3.86,202,"14.36%","No",34.2644320297952,2.45338567222767,13.9661824953445,"AL"
"37",37,"University of Cincinnati",37,42,59,"5,862","668","11%","386","58%",517,3.91,"Yes","Yes","Yes","P/F","2 Years","H/HP/P/F","Both","Yes","Optional","UC Medical Center",1171,251,157,85,3944,370,233,97,5115,621,390,182,62.8,62.55,62.97,"7.62%",240,"99%",250,"99%",9.38,"Public","53%",517,3.84,182,"53.30%","",13.4073441502989,5.90770791075051,2.26946632312355,"OH"
"38",38,"University of Florida",38,36,51,"5,578","369","7%","230","62%",516,3.92,"Yes","Yes","Yes","P/F","1.5 Years","A/B/C/D/F","Both","No","Optional","Shands Hospital",2430,317,182,112,2215,78,52,23,4645,395,234,135,59.2,57.41,66.67,"5.04%",234,"97%",251,"100%",3.52,"Public","17%",515,3.9,135,"17.04%","No",7.48971193415638,2.34762979683973,3.190329218107,"FL"
"39",39,"University of Minnesota",39,42,5,"4,813","674","14%","357","53%",511,3.84,"Yes","Yes","No","P/F","2 Years","H/HP/P/F","Both","No","Required","University of Minnesota Medical Center",1397,484,231,192,4856,444,121,49,6253,928,352,241,37.9,47.73,27.25,"5.63%",229,"96%",243,"98%",9.14,"Public","20%",513,3.81,240,"20.42%","",16.5354330708661,2.49176276771005,6.63603826381207,"MN"
"40",40,"University of Utah",40,41,32,"3,919","500","13%","168","34%",511,3.82,"Yes","Yes","No","P/F","1 Year","H/HP/P/F","Both","Yes","Optional","University of Utah Hospital",567,365,122,89,2840,224,71,36,3407,589,193,125,32.8,33.42,31.7,"5.66%",239,"100%",247,"97%",7.89,"Public","29%",513,3.82,125,"28.80%","",21.5167548500882,2.5,8.60670194003527,"UT"
"41",41,"University of Wisconsin",41,33,12,"5,623","511","9%","286","56%",512,3.8,"","","","","1.5 Years","","","","","",712,351,162,131,4367,211,132,40,5079,562,294,171,52.3,46.15,62.56,"5.79%",238,"100%",248,"99%",4.83,"Public","23%",513,3.8,171,"23.39%","",22.752808988764,3.02267002518892,7.52738764044944,"WI"
"42",42,"Albert Einstein",42,39,69,"9,785","1,071","11%","367","34%",516,3.88,"Yes","Yes","No","P/F","1.5 Years","H/HP/LP/F","Both","No","Optional","Moses Medical Center",1645,354,141,92,6432,584,216,91,8077,938,357,183,38.1,39.83,36.99,"4.42%",237,"99%",247,"99%",9.08,"Private","50%",515,3.81,183,"49.73%","Yes",8.57142857142857,3.35820895522388,2.55238095238095,"NY"
"43",43,"Indiana University",43,42,36,"6,805","1,075","16%","588","55%",512,3.9,"Yes","Yes","No","P/F","2 Years","H/HP/P/F","Both","Yes","Required","IU Health",682,466,346,291,5306,570,238,74,5988,1036,584,365,56.4,74.25,41.75,"9.75%",232,"99%",241,"98%",10.74,"Public","20%",512,3.84,360,"20.56%","Yes",50.733137829912,4.48548812664908,11.3105054338451,"IN"
"44",44,"UC Irvine",44,48,41,"6,695","491","7%","227","46%",516,3.89,"Yes","Yes","Yes","H/P/F","2 Years","H/P/F","NBME Based","Yes","Required","UCI Medical Center",4521,484,205,94,1637,74,30,10,6158,558,235,104,42.1,42.36,40.54,"3.82%",238,"99%",246,"100%",4.52,"Public","10%",516,3.85,104,"9.62%","No",4.53439504534395,1.83262064752596,2.47426822974268,"CA"
"45",45,"University of Iowa",45,39,22,"3,786","726","19%","292","40%",515,3.89,"Yes","Yes","No","H/NH/P/F","1.5 Years","H/NH/P/F","In-House Exams","Yes","Required","University of Iowa Hospitals and Clinics system",333,242,125,104,3691,481,159,48,4024,723,284,152,39.3,51.65,33.06,"7.06%",235,"99%",243,"99%",13.03,"Public","32%",515,3.86,152,"31.58%","Yes",37.5375375375375,4.30777567054999,8.71390258182711,"IA"
"46",46,"UMass",46,45,10,"5,394","1,074","20%","400","37%",516,3.89,"Yes","Yes","Yes","P/F","1.5 Years","H/HP/P/F","Both","Yes","Optional","UMass Memorial Medical Center",979,449,212,112,3505,385,179,50,4484,834,391,162,46.9,47.22,46.49,"8.72%",233,"100%",247,"98%",10.98,"Public","31%",516,3.82,162,"30.86%","Yes",21.6547497446374,5.10699001426534,4.24021775726,"MA"
"47",47,"University of Miami",47,45,NA,"11,017","535","5%","339","63%",515,3.85,"Yes","Yes","Yes","P/F","1.5 Years","H/HP/P/F","In-House Exams","Yes","Optional","University of Miami hospital, Jackson Memorial, and the Veterans Administration Hospital Miami",2105,262,178,100,6674,348,182,104,8779,610,360,204,59,67.94,52.3,"4.10%",235,"98%",246,"98%",5.21,"Private","51%",514,3.78,204,"50.98%","Yes",8.45605700712589,2.72700029967036,3.10086398162408,"FL"
"48",48,"Dartmouth (Geisel)",48,45,24,"9,488","646","7%","272","42%",516,3.82,"Yes","Yes","No","P/F","1.5 Years","H/HP/P/F","In-House Exams","Yes","Required","Dartmouth Hitchcock Medical Center",76,19,11,5,8283,655,246,87,8359,674,257,92,38.1,57.89,37.56,"3.07%",237,"100%",245,"98%",7.91,"Private","95%",516,3.77,92,"94.57%","Yes",14.4736842105263,2.96993842810576,4.87339537869063,"NH"
"49",49,"Wake Forest",49,48,80,"11,066","492","4%","269","55%",512,3.85,"Yes","Yes","Yes","P/F","1.5 Years","H/HP/P/LP/F","Both","Yes","Optional","Atrium Wake Forest Baptist",822,95,76,41,8427,381,212,104,9249,476,288,145,60.5,80,55.64,"3.11%",234,"99%",252,"100%",4.52,"Private","72%",513,3.76,145,"71.72%","Yes",9.24574209245742,2.51572327044025,3.67518248175182,"NC"
"50",50,"UC Davis",50,48,11,"7,849","558","7%","247","44%",512,3.69,"No","No","No","P/F","2 Years","P/F","Both","No","Optional","UC Davis Medical Center",4800,498,239,123,2228,20,8,4,7028,518,247,127,47.7,47.99,40,"3.51%",223,"95%",238,"98%",0.9,"Public","3%",512,3.69,119,"3.36%","No",4.97916666666667,0.359066427289048,13.8669791666667,"CA"
"51",51,"USF (Morsani)",51,48,69,"5,686","856","15%","453","53%",519,3.93,"Yes","No","No","H/HP/P/F","2 Years","H/HP/P/F","Both","Yes","Optional","Tampa General Hospital, Moffitt Cancer Center, Tampa VA",2297,453,240,119,3038,233,156,93,5335,686,396,212,57.7,52.98,66.95,"7.42%",237,"99%",245,"96%",7.67,"Public","44%",516,3.8,180,"53","",10.4484109708315,5.13495720868993,2.03476105957604,"FL"
"52",52,"Georgetown University",53,55,89,"17,882","1,198","7%","429","36%",515,3.89,"Yes","Yes","No","P/F","1.5 Years","H/HP/P/F","In-House Exams","Yes","Optional","MedStar Georgetown Hospital and MedStar Washington Hospital",70,13,6,6,14394,1016,384,197,14464,1029,390,203,37.9,46.15,37.8,"2.70%",232,"99%",246,"98%",7.06,"Private","97%",513,3.79,200,"98.50%","Yes",8.57142857142857,2.66777824093372,3.21294642857143,"DC"
"53",53,"Tufts University",54,55,51,"12,237","792","6%","546","69%",515,3.85,"No","No","Yes","P/F","1.5 Years","H/HP/P/LP/F","In-House Exams","Yes","Optional","Tufts Medical Center",945,167,104,54,11069,654,398,146,12014,821,502,200,61.1,62.28,60.86,"4.18%",235,"98%",246,"99%",5.91,"Private","73%",515,3.78,200,"73.00%","Yes",11.005291005291,3.59562742795194,3.06074286777804,"MA"
"54",54,"University of Connecticut",55,NA,NA,"4,030","342","8%","218","64%",513,3.85,"No","","Yes","P/F","1.5 Years","H/P/F","In-House Exams","Yes","Required","John Dempsey Hospital",NA,NA,NA,NA,NA,NA,NA,NA,NA,NA,NA,NA,NA,NA,NA,"",NA,"",NA,"",NA,"","",NA,NA,NA,"","",NA,NA,NA,""
"55",55,"Medical University of South Carolina",56,NA,NA,"1,334","395","30%","210","53%",512,3.92,"Yes","Yes","Yes","P/F","1.5 Years","H/HP/P/F","In-House Exams","Yes","Optional","MUSC Health University Medical Center",512,308,188,146,873,56,26,11,1385,364,214,157,58.8,61.04,46.43,"15.45%",229,"96%",243,"96%",6.41,"Public","7%",510,3.83,171,"6.43%","",36.71875,2.97823596792669,12.3290264423077,"SC"
"56",56,"McGovern (Houston)",57,53,84,"5,616","1,031","18%","413","40%",513,3.92,"Yes","Yes","No","H/HP/P/BP/F","2 Years","H/HP/P/BP/F","Both","Yes","Required","Memorial Hermann-Texas Medical Center, Children’s Memorial Hermann Hospital, Harris Health Lyndon B. Johnson Hospital, John S. Dunn Behavioral Sciences Center at UTHealth Houston, The University of Texas MD Anderson Cancer Center, TIRR Memorial Hermann",4247,861,377,229,1123,41,22,11,5370,902,399,240,44.2,43.79,53.66,"7.43%",236,"99%",245,"97%",3.65,"Public","5%",513,3.88,240,"4.58%","No",8.87685425005886,1.95903829029386,4.53123060128005,"TX"
"57",57,"George Washington",58,60,78,"12,107","912","8%","297","33%",512,3.81,"Yes","Yes","No","P/F","1.5 Years","H/HP/P/F","Both","Yes","Optional","George Washington Hospital",0,0,0,0,11772,1149,329,178,11772,1149,329,178,28.6,NA,28.63,"2.79%",226,"95%",243,"98%",NA,"Private","100%",513,3.78,180,"98.89%","Yes",NA,2.79476724430853,NA,"DC"
"58",58,"Stony Brook University",59,55,NA,"5,712","797","14%","461","58%",517,3.89,"Yes","Yes","Yes","P/F","1.5 Years","H/HP/P/LP/F","NBME Based","Yes","Optional","Stony Brook University Hospital",2011,415,248,87,3156,342,161,49,5167,757,409,136,54,59.76,47.08,"7.92%",242,"99%",247,"99%",10.84,"Public","36%",516,3.86,136,"36.03%","Yes",12.3321730482347,5.10139416983523,2.41741230684651,"NY"
"59",59,"Jefferson (Kimmel)",60,55,59,"11,090","587","5%","438","75%",514,3.86,"Yes","Yes","Yes","P/F","2 Years","H/HP/P/F","In-House Exams","Yes","Optional","Thomas Jefferson University Hospital",1102,173,110,93,8814,500,304,179,9916,673,414,272,61.5,63.58,60.8,"4.18%",235,"99%",245,"99%",5.67,"Private","66%",514,3.8,270,"66.30%","Yes",9.98185117967332,3.44905831631495,2.89408014136976,"PA"
"60",60,"University of Illinois",61,55,67,"7,557","705","9%","586","83%",512,3.77,"Yes","Yes","Yes","P/F","2 Years","H/HP/P/F","Both","Yes","Optional","UI Health",1707,468,351,236,3308,218,190,64,5015,686,541,300,78.9,75,87.16,"10.79%",229,"93%",246,"98%",6.59,"Public","21%",513,3.76,310,"20.65%","",20.5623901581722,5.74365175332527,3.58002034964388,"IL"
"61",61,"University of Nebraska",62,54,6,"1,912","407","21%","192","47%",512,3.94,"","","Yes","","1.5 Years","","","Yes","","",308,288,128,113,1347,184,48,18,1655,472,176,131,37.3,44.44,26.09,"10.63%",227,"93%",248,"99%",13.66,"Public","14%",513,3.9,126,"14.29%","No",41.5584415584416,3.56347438752784,11.6623376623377,"NE"
"62",62,"University of Arizona",63,70,58,"7,371","525","7%","194","37%",511,3.84,"","","","","2 Years","","","","","",768,278,136,89,8795,200,80,28,9563,478,216,117,45.2,48.92,40,"2.26%",229,"98%",242,"99%",2.27,"Public","24%",510,3.79,120,"23.33%","No",17.7083333333333,0.909607731665719,19.4680989583333,"AZ"
"63",63,"Texas A&M",64,75,84,"5,658","645","11%","308","48%",513,3.89,"","","","","2 Years","","","","","",4149,585,354,157,1009,82,31,18,5158,667,385,175,57.7,60.51,37.8,"7.46%",232,"97%",244,"99%",8.13,"Public","10%",513,3.84,126,"14.29%","No",8.53217642805495,3.07234886025768,2.77708581158305,"TX"
"64",64,"University of Kentucky",65,70,NA,"3,909","613","16%","281","46%",506,3.87,"Yes","Yes","No","P/F","2 Years","P/F","Both","Yes","Optional","Chandler Medical Center",579,378,208,171,2198,140,58,34,2777,518,266,205,51.4,55.03,41.43,"9.58%",226,"93%",247,"99%",6.37,"Public","17%",508,3.81,166,"20.48%","",35.9240069084629,2.63876251137398,13.6139598594485,"KY"
"65",65,"University of Vermont",66,66,24,"7,174","618","9%","345","56%",513,3.75,"Yes","Yes","No","P/F","1.5 Years","P/F","Both","Yes","Optional","UVM Medical Center",76,67,46,30,5524,563,267,94,5600,630,313,124,49.7,68.66,47.42,"5.59%",229,"96%",247,"98%",10.19,"Public","76%",512,3.7,119,"78.99%","Yes",60.5263157894737,4.83345401882694,12.5223733491031,"VT"
"66",66,"Virginia Commonwealth",67,61,51,"7,437","691","9%","362","52%",513,3.88,"Yes","Yes","Yes","P/F","1.5 Years","H/HP/P/F","In-House Exams","Yes","Optional","VCU Medical Center",1121,359,166,94,6188,335,203,92,7309,694,369,186,53.2,46.24,60.6,"5.05%",230,"97%",245,"99%",5.41,"Public","49%",513,3.82,184,"50.00%","",14.8082069580731,3.28054298642534,4.51394998308161,"VA"
"67",67,"Hofstra",68,66,76,"4,493","813","18%","374","46%",518,3.9,"Yes","Yes","Yes","P/F","2 Years","H/HP/P/F","In-House Exams","Yes","Required","Northwell Health",1257,310,142,54,2848,530,198,45,4105,840,340,99,40.5,45.81,37.36,"8.28%",239,"99%",249,"99%",18.61,"Private","45%",518,3.84,99,"45.45%","Yes",11.296738265712,6.95224719101124,1.62490457478524,"NY"
"68",68,"Rush University",69,64,69,"8,464","413","5%","261","63%",511,3.7,"Yes","Yes","No","P/F","2 Years","P/F","In-House Exams","Yes","Optional","Rush University Medical Center",900,127,73,53,6586,382,235,102,7486,509,308,155,60.5,57.48,61.52,"4.11%",232,"100%",245,"98%",5.8,"Private","66%",511,3.67,144,"70.83%","Yes",8.11111111111111,3.56817491648952,2.27318203309693,"IL"
"69",69,"Rutgers (Robert Johnson)",70,70,NA,"5,528","494","9%","287","58%",515,3.83,"Yes","Yes","No","P/F","1.5 Years","H/HP/P/F","Both","Yes","Optional","Robert Wood Johnson University Hospital",1478,422,237,134,4121,131,82,40,5599,553,319,174,57.7,56.16,62.6,"5.70%",232,"98%",246,"97%",3.18,"Public","23%",514,3.75,174,"22.99%","",16.0351826792963,1.98980829895656,8.05865705138783,"NJ"
"70",70,"Rutgers New Jersey",71,66,NA,"5,919","749","13%","340","45%",516,3.85,"Yes","Yes","Yes","H/HP/P/F","1.5 Years","H/HP/P/F","Both","Yes","Optional","University Hospital",1465,485,229,149,4044,289,135,29,5509,774,364,178,47,47.22,46.71,"6.61%",233,"99%",244,"96%",7.15,"Public","16%",515,3.82,178,"16.29%","",15.6313993174061,3.33827893175074,4.68247250663633,"NJ"
"71",71,"Temple University",72,61,84,"8,408","1,051","13%","448","43%",512,3.79,"Yes","Yes","Yes","P/F","2 Years","H/HP/P/F","Both","Yes","Optional","Temple University Hospital",978,349,157,101,7390,620,290,117,8368,969,447,218,46.1,44.99,46.77,"5.34%",232,"96%",246,"99%",8.39,"Private","54%",513,3.77,200,"58.50%","Yes",16.0531697341513,3.92422192151556,4.09079049432339,"PA"
"72",72,"University of Tennessee",73,NA,80,"2,777","391","14%","263","67%",512,3.91,"Yes","Yes","No","P/F","2 Years","H/HP/P/F","Both","Yes","Optional","",710,455,210,154,1356,72,39,16,2066,527,249,170,47.2,46.15,54.17,"12.05%",228,"93%",245,"98%",5.31,"Public","9%",513,3.82,170,"9.41%","No",29.5774647887324,2.87610619469027,10.2838569880823,"TN"
"73",73,"Wayne State University",74,66,89,"8,018","1,510","19%","701","46%",513,3.86,"Yes","Yes","Yes","H/P/F","1.5 Years","H/S+/S/F","Both","Yes","Optional","Detroit Medical Center",1745,612,369,203,7775,572,353,88,9520,1184,722,291,61,60.29,61.71,"7.58%",234,"99%",242,"97%",7.36,"Public","30%",513,3.86,288,"30.56%","",21.1461318051576,4.54019292604502,4.65754036218414,"MI"
"74",74,"University of Kansas",75,75,9,"2,587","546","21%","274","50%",510,3.87,"Yes","Yes","Yes","P/F","1.5 Years","H/P/F","In-House Exams","Yes","Optional","",515,379,212,186,2542,165,50,25,3057,544,262,211,48.2,55.94,30.3,"8.57%",230,"99%",243,"99%",6.49,"Public","12%",511,3.88,211,"11.85%","No",41.1650485436893,1.9669551534225,20.9283106796117,"KS"
"75",75,"Buffalo (Jacobs)",76,81,91,"5,170","552","11%","353","64%",511,3.79,"Yes","Yes","Yes","P/F","2 Years","H/HP/P/F","Both","Yes","Optional","Buffalo General Hospital",1969,475,277,159,2392,131,67,23,4361,606,344,182,56.8,58.32,51.15,"7.89%",232,"97%",244,"98%",5.48,"Public","13%",512,3.75,184,"12.50%","No",14.0680548501778,2.80100334448161,5.02250555248137,"NY"
"76",76,"University of Arkansas",77,75,39,"1,350","411","30%","214","52%",507,3.85,"Yes","Yes","Yes","P/F","2 Years","A/B/C/D/F","Both","Yes","Optional","UAMS Medical Center",338,324,190,160,690,84,18,8,1028,408,208,168,51,58.64,21.43,"20.23%",224,"90%",240,"96%",12.17,"Public","5%",508,3.77,168,"4.76%","No",56.2130177514793,2.60869565217391,21.5483234714004,"AR"
"77",77,"University of Oklahoma",78,74,51,"1,927","293","15%","202","69%",510,3.94,"Yes","Yes","Yes","P/F","1.5 Years","A/B/C/D/F","Both","Yes","Optional","OU Medical Center",434,284,174,153,2365,45,32,11,2799,329,206,164,62.6,61.27,71.11,"7.36%",231,"95%",244,"100%",1.9,"Public","7%",511,3.85,165,"6.67%","No",40.0921658986175,1.35306553911205,29.630616359447,"OK"
"78",78,"Augusta University (MCG)",79,75,91,"3,564","593","17%","382","64%",513,3.84,"","","","P/F","2 Years","","","","","",1273,537,360,236,1495,47,14,4,2768,584,374,240,64,67.04,29.79,"13.51%",225,"100%",247,"99%",3.14,"Public","2%",513,3.82,230,"1.74%","No",28.2796543597801,0.936454849498328,30.1986309056223,"GA"
"79",79,"Hackensack Meridian",80,NA,NA,"5,799","437","8%","385","88%",515,3.82,"No","No","Yes","P/F","1.5 Years","H/HP/P/F","In-House Exams","Yes","Required","Hackensack University Medical Center",NA,NA,NA,NA,NA,NA,NA,NA,NA,NA,NA,NA,NA,NA,NA,"",NA,"",NA,"",NA,"","",NA,NA,NA,"","",NA,NA,NA,""
"80",80,"University of Hawaii",81,64,24,"2,792","290","10%","104","36%",513,3.88,"","","","P/F","2 Years","H/HP/P/F","","","","",300,185,72,67,1876,121,29,10,2176,306,101,77,33,38.92,23.97,"4.64%",233,"99%",241,"100%",6.45,"Public","13%",513,3.84,72,"13.89%","No",24,1.54584221748401,15.5255172413793,"HI"
"81",81,"University of Louisville",82,75,74,"4,980","416","8%","288","69%",508,3.82,"Yes","Yes","Yes","P/F","2 Years","H/HP/P/F","Both","Yes","Optional","University of Louisville Health",513,313,199,119,4128,162,96,40,4641,475,295,159,62.1,63.58,59.26,"6.36%",227,"97%",244,"99%",3.92,"Public","25%",509,3.77,162,"24.69%","No",38.7914230019493,2.32558139534884,16.6803118908382,"KY"
"82",82,"University of New Mexico",83,81,28,"1,481","237","16%","130","55%",506,3.82,"Yes","Yes","Yes","P/F","2 Years","H/HP/P/F","Both","Yes","Optional","UNM Hospital",239,210,109,90,1483,40,14,7,1722,250,123,97,49.2,51.9,35,"7.14%",220,"91%",240,"96%",2.7,"Public","7%",505,3.8,103,"6.80%","No",45.6066945606695,0.944032366824005,48.3105200239091,"NM"
"83",83,"Virginia Tech",84,83,NA,"6,916","287","4%","141","49%",513,3.7,"","","","","","","","","","",737,61,27,12,3562,219,73,36,4299,280,100,48,35.7,44.26,33.33,"2.33%",234,"98%",248,"100%",6.15,"Public","75%",512,3.57,48,"75.00%","",3.66350067842605,2.04941044357103,1.78758759130871,"VA"
"84",84,"Saint Louis University",85,70,46,"7,246","849","12%","471","55%",513,3.93,"Yes","Yes","Yes","P/F","1.5 Years","H/NH/P/F","Both","Yes","Optional","St. Louis University Hospital",384,70,44,22,5527,1024,552,161,5911,1094,596,183,54.5,62.86,53.91,"10.08%",237,"98%",247,"98%",18.53,"Private","88%",514,3.91,183,"87.98%","Yes",11.4583333333333,9.98733490139316,1.14728638285024,"MO"
"85",85,"Missouri-Columbia",86,75,46,"3,201","388","12%","202","52%",509,3.85,"","","","","","","","","","",560,324,154,109,2509,82,40,19,3069,406,194,128,47.8,47.53,48.78,"6.32%",234,"95%",248,"99%",3.27,"Public","15%",509,3.86,112,"16.96%","No",27.5,1.59426066161817,17.249375,"MO"
"86",86,"West Virginia University",87,83,67,"4,743","608","13%","179","29%",510,3.83,"","","","","1 Year","","","","","",212,112,74,61,4841,499,91,51,5053,611,165,112,27,66.07,18.24,"3.27%",234,"99%",246,"100%",10.31,"Public","46%",509,3.88,112,"45.54%","Yes",34.9056603773585,1.87977690559802,18.5690441633838,"WV"
"87",87,"Drexel University",88,86,NA,"13,223","1,603","12%","811","51%",512,3.8,"","","","","","","","","","",962,416,233,74,10670,1209,589,193,11632,1625,822,267,50.6,56.01,48.72,"7.07%",231,"99%",243,"97%",11.33,"Private","72%",512,3.75,256,"75.39%","Yes",24.2203742203742,5.52014995313964,4.38762976114419,"PA"
"88",88,"Michigan State University",89,NA,NA,"9,172","529","6%","325","61%",509,3.8,"Yes","Yes","No","P/F","1 Year","H/P/F","Both","Yes","Required","",1653,370,192,135,4742,122,71,55,6395,492,263,190,53.5,51.89,58.2,"4.11%",224,"93%",237,"92%",2.57,"Public","29%",509,3.76,190,"28.95%","No",11.6152450090744,1.49725854070013,7.75767490606068,"MI"
"89",89,"SUNY Upstate",90,88,NA,"5,326","757","14%","397","52%",513,3.81,"","","","","","","","","","",2066,543,335,141,2305,177,78,19,4371,720,413,160,57.4,61.69,44.07,"9.45%",230,"98%",245,"99%",7.68,"Public","12%",513,3.77,170,"25","No",16.21490803485,3.38394793926247,4.7917132077345,"NY"
"90",90,"Missouri-Kansas",91,83,64,"2,184","482","22%","222","46%",510,3.89,"Yes","Yes","No","A/B/C/D/F","1.5 Years","H/HP/SP/MP/F","In-House Exams","Yes","Optional","University Health, Children’s Mercy Hospital",372,151,107,81,1226,278,99,46,1598,429,206,127,48,70.86,35.61,"12.89%",226,"98%",242,"99%",22.68,"Public","36%",509,3.89,127,"36.22%","",28.7634408602151,8.07504078303426,3.56201802975997,"MO"
"91",91,"NYU Long Island",92,NA,NA,"2,498","531","21%","30","6%",515,3.84,"","","","","1.5 Years","","","","","",NA,NA,NA,NA,NA,NA,NA,NA,NA,NA,NA,NA,NA,NA,NA,"",NA,"",NA,"",NA,"","",NA,NA,NA,"","",NA,NA,NA,""
"92",92,"Geisinger Commonwealth",93,NA,NA,"4,387","823","19%","346","42%",512,3.86,"Yes","Yes","Yes","P/F","1.5 Years","H/HP/P/F","Both","Yes","Required","Geisinger Medical Center",NA,NA,NA,NA,NA,NA,NA,NA,NA,NA,NA,NA,NA,NA,NA,"",NA,"",NA,"",NA,"","",NA,NA,NA,"","",NA,NA,NA,""
"93",93,"University of Nevada (Reno)",94,90,84,"1,557","359","23%","91","25%",509,3.76,"Yes","Yes","No","P/F","1.5 Years","H/HP/P/F","In-House Exams","Yes","Optional","Renown Regional Medical Center",343,267,83,64,1300,76,18,6,1643,343,101,70,29.4,31.09,23.68,"6.15%",232,"98%",244,"98%",5.85,"Public","9%",509,3.82,70,"8.57%","",24.198250728863,1.38461538461538,17.4765144152899,"NV"
"94",94,"University of South Carolina",95,90,76,"3,258","350","11%","218","62%",510,3.91,"Yes","Yes","No","P/F","2 Years","A/B/C/D/F","Both","Yes","Optional","",462,225,140,73,2807,115,61,26,3269,340,201,99,59.1,62.22,53.04,"6.15%",230,"99%",237,"99%",4.1,"Public","26%",508,3.79,100,"26.00%","",30.3030303030303,2.17313858211614,13.9443616492797,"SC"
"95",95,"Texas Tech University",96,NA,69,"5,253","909","17%","266","29%",512,3.93,"Yes","Yes","Yes","P/F","1.5 Years","H/HP/P/F","Both","Yes","Optional","",3288,775,307,164,584,78,44,16,3872,853,351,180,41.1,39.61,56.41,"9.07%",229,"98%",242,"99%",13.36,"Public","9%",510,3.87,180,"8.89%","",9.33698296836983,7.53424657534247,1.23927228489272,"TX"
"96",96,"UC Riverside",97,NA,NA,"6,276","295","5%","144","49%",510,3.75,"No","No","Yes","P/F","2 Years","H/HP/P/F","Both","Yes","Required","",3652,277,125,77,141,4,3,1,3793,281,128,78,45.6,45.13,75,"3.37%",229,"93%",243,"96%",NA,"Public","1%",508,3.59,70,"1.43%","No",3.42278203723987,2.12765957446809,1.60870755750274,"CA"
"97",97,"Florida State University",98,NA,79,"3,973","253","6%","160","63%",509,3.86,"Yes","Yes","No","P/F","2 Years","H/HP/P/F","NBME Based","Yes","Optional","",2695,254,144,118,4453,18,5,2,7148,272,149,120,54.8,56.69,51.48,"2.08%",227,"95%",243,"97%",0.4,"Public","2%",508,3.76,120,"1.67%","No",5.34322820037106,0.112283853581855,47.5867903525046,"FL"
"98",98,"University of Central Florida",99,86,NA,"5,521","509","9%","305","60%",515,3.91,"Yes","Yes","Yes","H/HP/P/F","2 Years","H/HP/P/F","In-House Exams","Yes","Required","UCF Lake Nona Hospital",2791,306,190,80,1887,155,116,40,4678,461,306,120,66.4,62.09,74.84,"6.54%",253,"97%",247,"98%",8.21,"Public","33%",514,3.88,120,"33.33%","Yes",6.80759584378359,6.14732379438262,1.10740804803618,"FL"
"99",99,"Eastern Virginia",100,88,46,"7,630","801","10%","299","37%",513,3.8,"Yes","Yes","Yes","P/F","1.5 Years","H/HP/P/F","NBME Based","Yes","Optional","Sentara Norfolk General Hospital",1071,347,161,81,5779,452,192,70,6850,799,353,151,44.2,46.4,42.48,"5.15%",235,"99%",245,"99%",7.82,"Public","46%",513,3.71,151,"46.36%","Yes",15.0326797385621,3.32237411316837,4.52468001089325,"VA"
"100",100,"New York Medical College",101,90,NA,"12,336","960","8%","678","71%",516,3.8,"Yes","Yes","","","","","","","","",1933,508,243,112,8863,481,220,100,10796,989,463,212,46.8,47.83,45.74,"4.29%",233,"99%",241,"98%",5.43,"Private","47%",513,3.72,210,"47.62%","Yes",12.5711329539576,2.48222949339953,5.06445233504209,"NY"
"101",101,"University of Toledo",102,NA,NA,"4,274","389","9%","319","82%",510,3.82,"Yes","Yes","Yes","P/F","1.5 Years","H/HP/P/F","Both","Yes","Optional","University of Toledo Medical Center",937,246,223,124,3551,136,119,52,4488,382,342,176,89.5,90.65,87.5,"7.62%",228,"98%",247,"99%",3.83,"Public","30%",510,3.76,175,"29.71%","Yes",23.7993596584845,3.3511686848775,7.10180891993937,"OH"
"102",102,"East Carolina University",103,NA,28,"1,165","393","34%","150","38%",507,3.73,"","","","","","","","","","",1036,434,143,86,0,0,0,0,1036,434,143,86,32.9,32.95,NA,"13.80%",231,"99%",243,"96%",NA,"Public","0%",509,3.71,86,"0.00%","No",13.8030888030888,NA,NA,"NC"
"103",103,"East Tennessee State",104,NA,64,"3,812","358","9%","149","42%",509,3.85,"Yes","Yes","Yes","P/F","1.5 Years","H/P/F","NBME Based","Yes","Required","",636,251,89,56,1797,67,24,16,2433,318,113,72,35.5,35.46,35.82,"4.64%",229,"97%",244,"98%",3.73,"Public","22%",508,3.81,72,"22.22%","No",13.9937106918239,1.3355592654424,10.4777908805031,"TN"
"104",104,"Howard University",105,NA,84,"8,963","394","4%","341","87%",506,3.67,"","","","","","","","","","",38,25,9,7,8720,325,247,111,8758,350,256,118,73.1,36,76,"2.92%",213,"86%",229,"89%",3.73,"Private","94%",505,3.53,120,"92.50%","Yes",23.6842105263158,2.83256880733945,8.36138930321756,"DC"
"105",105,"Florida Atlantic University",106,NA,NA,"5,110","317","6%","192","61%",516,3.9,"","","","","1.5 Years","","","","","",2134,217,104,43,1617,105,50,22,3751,322,154,65,47.8,47.93,47.62,"4.11%",231,"95%",249,"100%",6.49,"Public","34%",513,3.8,65,"33.85%","Yes",4.87347703842549,3.09214594928881,1.5760824742268,"FL"
"106",106,"Florida International University",107,NA,NA,"6,750","414","6%","278","67%",511,3.9,"","","","","2 Years","","","","","",2455,357,215,97,2418,155,105,23,4672,553,320,120,57.9,60.42,51.48,"6.85%",241,"100%",246,"99%",7.74,"Public","19%",511,3.79,120,"18.33%","",8.75763747454175,4.3424317617866,2.01675880128019,"FL"
"107",107,"Marshall University",108,NA,NA,"1,916","182","9%","118","65%",506,3.83,"Yes","Yes","Yes","H/P/F","1.5 Years","H/PF","Both","Yes","Optional","Marshall Health Network",209,146,95,69,1922,56,15,11,2131,202,110,80,54.5,65.07,26.79,"5.16%",218,"89%",237,"97%",2.91,"Public","14%",502,3.7,79,"13.92%","No",45.4545454545455,0.780437044745057,58.2424242424242,"WV"
"108",108,"Northeast Ohio",109,NA,NA,"5,108","546","11%","343","63%",510,3.8,"Yes","Yes","Yes","P/F","2 Years","H/HP/P/F","Both","Yes","Optional","",NA,NA,NA,NA,NA,NA,NA,NA,NA,NA,NA,NA,NA,NA,NA,"",NA,"",NA,"",NA,"","",NA,NA,NA,"","No",NA,NA,NA,""
"109",109,"Cooper (Rowan)",110,NA,NA,"5,032","377","7%","231","61%",514,3.88,"Yes","Yes","Yes","P/F","2 Years","H/HP/P/F","In-House Exams","Yes","Optional","Cooper University Hospital",1205,217,147,82,4780,177,94,29,5985,394,241,111,61.2,67.74,53.11,"4.03%",233,"97%",244,"96%",3.7,"Public","26%",512,3.79,107,"27.10%","Yes",12.1991701244813,1.96652719665272,6.20340778670433,"NJ"
"110",110,"Wright State University",112,NA,80,"7,556","411","5%","298","73%",509,3.82,"Yes","Yes","Yes","P/F","1.5 Years","H/P/F","Both","Yes","Required","",1176,258,143,79,6347,135,71,39,7523,393,214,118,54.5,55.43,52.59,"2.84%",227,"98%",231,"100%",2.13,"Public","33%",508,3.73,120,"32.50%","",12.1598639455782,1.11863872695762,10.8702333045894,"OH"
"111",111,"Medical College of Wisconsin",113,NA,NA,"10,046","814","8%","","-",510,3.8,"Yes","Yes","No","P/F","1.5 Years","H/HP/P/F","In-House Exams","No","Optional","Froedtert Hospital",658,282,236,137,4738,329,289,113,5396,611,525,250,85.9,83.69,87.84,"9.73%",231,"97%",239,"97%",6.94,"Private","45%",511,3.73,250,"45.20%","No",35.8662613981763,6.09962009286619,5.88008119392939,"WI"
"112",112,"Tulane University",114,NA,NA,"15,925","572","4%","","-",512,3.77,"Yes","Yes","Yes","P/F","1.5 Years","H/HP/P/F","Both","No","Optional","East Jefferson, University Medical Center, VA Hospital",NA,NA,NA,NA,NA,NA,NA,NA,NA,NA,NA,NA,NA,NA,NA,"",NA,"",NA,"",NA,"","",NA,NA,NA,"","",NA,NA,NA,""
"113",113,"Uniformed Services",115,NA,NA,"2,698","614","23%","","-",512,3.84,"","","","","2 Years","","","","","",NA,NA,NA,NA,NA,NA,NA,NA,NA,NA,NA,NA,NA,NA,NA,"",NA,"",NA,"",NA,"","",NA,NA,NA,"","",NA,NA,NA,""
"114",114,"Loyola University (Stritch)",116,NA,NA,"13,384","532","4%","","-",512,3.77,"","","","","","","","","","",1686,166,101,59,13219,484,328,116,14905,650,429,175,66,60.84,67.77,"2.88%",NA,"",NA,"",3.66,"Private","66%",512,3.76,165,"70.30%","Yes",5.99051008303677,2.48127694984492,2.41428514596534,"IL"
"115",115,"Penn State University",117,NA,NA,"11,366","749","7%","","-",511,3.84,"Yes","Yes","Yes","P/F","1.5 Years","H/HP/P/F","In-House Exams","Yes","Required","Milton S. Hershey Medical Center",NA,NA,NA,NA,NA,NA,NA,NA,NA,NA,NA,NA,NA,NA,NA,"",NA,"",NA,"",NA,"","",NA,NA,NA,"","Yes",NA,NA,NA,""
"116",116,"Creighton University",118,NA,NA,"6,383","842","13%","","-",515,3.89,"Yes","Yes","No","H/P/F","2 Years","H/P/F","In-House Exams","No","Optional","Bergan Mercy Hospital and St. Joseph's Hospital",NA,NA,NA,NA,NA,NA,NA,NA,NA,NA,NA,NA,NA,NA,NA,"",NA,"",NA,"",NA,"","",NA,NA,NA,"","",NA,NA,NA,""
"117",117,"Oklahoma State University",119,NA,NA,"4,119","358","9%","241","67%",510,3.94,"","","","","2 Years","","","","","",NA,NA,NA,NA,NA,NA,NA,NA,NA,NA,NA,NA,NA,NA,NA,"",NA,"",NA,"",NA,"","",NA,NA,NA,"","",NA,NA,NA,""
"118",118,"UT Austin (Dell)",120,NA,NA,"5,576","386","7%","","-",515,3.92,"","","","","","","","","","",NA,NA,NA,NA,NA,NA,NA,NA,NA,NA,NA,NA,NA,NA,NA,"",NA,"",NA,"",NA,"","",NA,NA,NA,"","",NA,NA,NA,""
"119",119,"Kaiser Permanente (Tyson)",121,NA,NA,"11,587","716","6%","126","18%",517,3.85,"","","","","2 Years","","","","","",NA,NA,NA,NA,NA,NA,NA,NA,NA,NA,NA,NA,NA,NA,NA,"",NA,"",NA,"",NA,"","",NA,NA,NA,"","",NA,NA,NA,""
"120",120,"Michigan State COM",122,NA,NA,"8,130","931","11%","566","61%",507,3.72,"Yes","Yes","Yes","P/F","2 Years","H/P/F","In-House Exams","Yes","Optional","",NA,NA,NA,NA,NA,NA,NA,NA,NA,NA,NA,NA,NA,NA,NA,"",NA,"",NA,"",NA,"","",NA,NA,NA,"","",NA,NA,NA,""
"121",121,"LSU (New Orleans)",123,NA,NA,"4,211","521","12%","","-",510,3.86,"Yes","Yes","Yes","H/HP/P/F","2 Years","H/HP/P/F","Both","Yes","Required","Touro Infirmary, Children’s Hospital, and Ochsner Medical Center – Kenner",NA,NA,NA,NA,NA,NA,NA,NA,NA,NA,NA,NA,NA,NA,NA,"",NA,"",NA,"",NA,"","",NA,NA,NA,"","No",NA,NA,NA,""
"122",122,"UT Medical Branch",124,NA,NA,"5,511","1,080","20%","","-",513,3.87,"Yes","Yes","Yes","P/F","2 Years","H/HP/P/F","NBME Based","Yes","Required","John Sealy Hospital, Jennie Sealy Hospital",NA,NA,NA,NA,NA,NA,NA,NA,NA,NA,NA,NA,NA,NA,NA,"",NA,"",NA,"",NA,"","",NA,NA,NA,"","",NA,NA,NA,""
"123",123,"Arkansas COM",125,75,39,"","","-","","-",500,3.5,"","","","","1.5 Years","","","","","",338,324,190,160,690,84,18,8,1028,408,208,168,51,58.64,21.43,"20.23%",224,"90%",240,"96%",12.17,"Public","5%",508,3.77,168,"4.76%","",56.2130177514793,2.60869565217391,21.5483234714004,"AK"
"124",124,"University of Arizona (Phoenix)",126,NA,NA,"6,344","445","7%","","-",518,3.87,"No","No","No","P/F","2 Years","H/HP/P/F","In-House Exams","Yes","Required","",NA,NA,NA,NA,NA,NA,NA,NA,NA,NA,NA,NA,NA,NA,NA,"",NA,"",NA,"",NA,"","",NA,NA,NA,"","",NA,NA,NA,""
"125",125,"University of North Dakota",127,NA,NA,"1,894","188","10%","","-",509,3.86,"Yes","Yes","Yes","P/F","2 Years","H/P/F","Both","Yes","Required","",141,118,46,43,370,138,59,35,511,256,105,78,41,38.98,42.75,"20.55%",226,"71%",240,"57%",37.3,"Public","45%",507,3.8,77,"45.45%","No",32.6241134751773,15.9459459459459,2.04591898064671,"ND"
"126",126,"University of Mississippi",128,NA,NA,"421","221","52%","","-",506,3.87,"Yes","Yes","","","2 Years","","","","","",NA,NA,NA,NA,NA,NA,NA,NA,NA,NA,NA,NA,NA,NA,NA,"",NA,"",NA,"",NA,"","",NA,NA,NA,"","No",NA,NA,NA,""
"127",127,"Rosalind Franklin",129,NA,NA,"11,382","828","7%","","-",513,3.8,"","","","","2 Years","","NBME Based","","","",NA,NA,NA,NA,NA,NA,NA,NA,NA,NA,NA,NA,NA,NA,NA,"",NA,"",NA,"",NA,"","",NA,NA,NA,"","",NA,NA,NA,""
"128",128,"Southern Illinois University",130,NA,NA,"1,209","261","22%","","-",507,3.86,"Yes","Yes","No","P/F","2 Years","P/F","In-House Exams","No","Required","",NA,NA,NA,NA,NA,NA,NA,NA,NA,NA,NA,NA,NA,NA,NA,"",NA,"",NA,"",NA,"","",NA,NA,NA,"","No",NA,NA,NA,""
"129",129,"Albany Medical College",131,NA,NA,"12,496","720","6%","","-",510,3.8,"Yes","Yes","","","1.5 Years","","","","","",NA,NA,NA,NA,NA,NA,NA,NA,NA,NA,NA,NA,NA,NA,NA,"",NA,"",NA,"",NA,"","",NA,NA,NA,"","",NA,NA,NA,""
"130",130,"Loma Linda University",132,NA,NA,"6,238","322","5%","","-",511,3.92,"","","","","","","","","","",NA,NA,NA,NA,NA,NA,NA,NA,NA,NA,NA,NA,NA,NA,NA,"",NA,"",NA,"",NA,"","",NA,NA,NA,"","",NA,NA,NA,""
"131",131,"West Virginia COM",133,NA,NA,"5,215","598","11%","574","96%",501,3.59,"","","","","1.5 Years","","","","","",NA,NA,NA,NA,NA,NA,NA,NA,NA,NA,NA,NA,NA,NA,NA,"",NA,"",NA,"",NA,"","",NA,NA,NA,"","",NA,NA,NA,""
"132",132,"South Carolina (Greenville)",134,90,76,"2,652","353","13%","214","61%",510,3.9,"Yes","Yes","Yes","P/F","2 Years","A/B/C/D/F","Both","Yes","Required","",462,225,140,73,2807,115,61,26,3269,340,201,99,59.1,62.22,53.04,"6.15%",230,"99%",237,"99%",4.1,"Public","26%",508,3.79,100,"26.00%","",30.3030303030303,2.17313858211614,13.9443616492797,"SC"
"133",133,"SUNY Downstate",135,NA,NA,"6,147","925","15%","","-",513,3.79,"Yes","Yes","Yes","P, ID, IDP, IDF","2 Years","H/HP/P/F","Both","Yes","Required","SUNY Downstate Medical Center",NA,NA,NA,NA,NA,NA,NA,NA,NA,NA,NA,NA,NA,NA,NA,"",NA,"",NA,"",NA,"","",NA,NA,NA,"","No",NA,NA,NA,""
"134",134,"Morehouse",136,NA,NA,"7,095","465","7%","","-",507,3.72,"Yes","Yes","No","H/P/F","2 Years","A/B/C/D/F","Both","No","Required","",NA,NA,NA,NA,NA,NA,NA,NA,NA,NA,NA,NA,NA,NA,NA,"",NA,"",NA,"",NA,"","",NA,NA,NA,"","",NA,NA,NA,""
"135",135,"University of Houston",137,NA,NA,"5,343","247","5%","","-",505,3.75,"No","No","","P/F","1.5 Years","H/P/F","Both","","Required","HCA Houston Healthcare",NA,NA,NA,NA,NA,NA,NA,NA,NA,NA,NA,NA,NA,NA,NA,"",NA,"",NA,"",NA,"","",NA,NA,NA,"","",NA,NA,NA,""
"136",136,"University of North Texas",138,NA,NA,"4,379","701","16%","402","57%",509,3.86,"","","","","","","","","","",NA,NA,NA,NA,NA,NA,NA,NA,NA,NA,NA,NA,NA,NA,NA,"",NA,"",NA,"",NA,"","",NA,NA,NA,"","",NA,NA,NA,""
"137",137,"Unviersity of South Dakota",139,NA,NA,"868","213","25%","","-",509,3.85,"Yes","Yes","Yes","P/F","1.5 Years","H/HP/P/F","Both","Yes","Optional","Avera, Sanford, Monument",157,137,66,61,667,83,19,6,824,220,85,67,38.6,48.18,22.89,"10.32%",229,"98%",NA,"",12.44,"Public","9%",508,3.87,67,"8.96%","",42.0382165605096,2.84857571214393,14.7576265504526,"SD"
"138",138,"LSU (Shreveport)",140,NA,NA,"4,434","325","7%","","-",507,3.85,"Yes","Yes","","","","H/HP/P/F","NBME Based","","","",604,306,230,140,2107,13,11,8,2711,319,241,148,75.5,75.16,84.62,"8.89%",219,"86%",241,"99%",0.62,"Public","5%",506,3.77,150,"","No",38.0794701986755,0.522069292833413,72.9394942805539,"LO"
"139",139,"Ohio University (Heritage)",141,NA,NA,"5,155","481","9%","384","80%",505,3.68,"","","","","2 Years","","","","","",NA,NA,NA,NA,NA,NA,NA,NA,NA,NA,NA,NA,NA,NA,NA,"",NA,"",NA,"",NA,"","",NA,NA,NA,"","",NA,NA,NA,""
"140",140,"Mercer University",142,NA,NA,"1,410","430","30%","","-",505,3.77,"Yes","Yes","","P/F","","P/F","","","","",NA,NA,NA,NA,NA,NA,NA,NA,NA,NA,NA,NA,NA,NA,NA,"",NA,"",NA,"",NA,"","",NA,NA,NA,"","No",NA,NA,NA,""
"141",141,"University of Nevada (Vegas)",143,NA,NA,"1,502","300","20%","","-",510,3.77,"Yes","Yes","No","P/F","1.5 Years","H/HP/P/F","Both","Yes","Required","University Medical Center",NA,NA,NA,NA,NA,NA,NA,NA,NA,NA,NA,NA,NA,NA,NA,"",NA,"",NA,"",NA,"","",NA,NA,NA,"","",NA,NA,NA,""
"142",142,"University of New England",144,NA,NA,"4,048","589","15%","330","56%",505,3.61,"","","","","2 Years","","","","","",NA,NA,NA,NA,NA,NA,NA,NA,NA,NA,NA,NA,NA,NA,NA,"",NA,"",NA,"",NA,"","",NA,NA,NA,"","",NA,NA,NA,""
"143",143,"University of South Alabama",145,NA,NA,"1,800","197","11%","","-",508,3.89,"Yes","Yes","Yes","H/P/F","2 Years","H/P/F","Both","Yes","Optional","USA Health University Hospital, USA Health Children's and Women's Hospital, USA Health Providence Hospital, USA Health Mitchell Cancer Institute, and USA Health clinic network.",NA,NA,NA,NA,NA,NA,NA,NA,NA,NA,NA,NA,NA,NA,NA,"",NA,"",NA,"",NA,"","",NA,NA,NA,"","No",NA,NA,NA,""
"144",144,"CUNY School of Medicine",146,NA,NA,"980","341","35%","175","51%",NA,NA,"","","","","","","","","","",NA,NA,NA,NA,NA,NA,NA,NA,NA,NA,NA,NA,NA,NA,NA,"",NA,"",NA,"",NA,"","",NA,NA,NA,"","No",NA,NA,NA,""
"145",145,"Texas Tech (El Paso)",147,NA,NA,"4,800","612","13%","","-",514,3.93,"Yes","Yes","Yes","P/F","1.5 Years","H/P/F","Both","Yes","Optional","University Medical Center",3331,521,215,97,671,25,12,3,4002,546,227,100,41.6,41.27,48,"5.67%",223,"96%",NA,"",3.73,"Public","3%",512,3.89,100,"3.00%","No",6.4545181627139,1.78837555886736,3.60915140598419,"TX"
"146",146,"Meharry Medical College",148,NA,NA,"8,084","302","4%","","-",504,3.58,"","","","","1.5 Years","","","","","",NA,NA,NA,NA,NA,NA,NA,NA,NA,NA,NA,NA,NA,NA,NA,"",NA,"",NA,"",NA,"","",NA,NA,NA,"","",NA,NA,NA,""
"147",147,"Kansas City Biosciences",149,NA,NA,"","","-","","-",505,3.62,"","","","","1.5 Years","","","","","",NA,NA,NA,NA,NA,NA,NA,NA,NA,NA,NA,NA,NA,NA,NA,"",NA,"",NA,"",NA,"","",NA,NA,NA,"","",NA,NA,NA,""
"148",148,"Des Moines University",150,NA,NA,"","","-","","-",507,3.66,"","","","","","","","","","",NA,NA,NA,NA,NA,NA,NA,NA,NA,NA,NA,NA,NA,NA,NA,"",NA,"",NA,"",NA,"","",NA,NA,NA,"","",NA,NA,NA,""
"149",149,"PCOM",151,NA,NA,"","","-","548","-",505,3.41,"","","","","","","","","","",NA,NA,NA,NA,NA,NA,NA,NA,NA,NA,NA,NA,NA,NA,NA,"",NA,"",NA,"",NA,"","",NA,NA,NA,"","",NA,NA,NA,""
"150",150,"Quinnipiac University",152,NA,NA,"7,430","362","5%","317","88%",513,3.78,"No","No","No","P/F","2 Years","H/HP/P/F","Both","Yes","Optional","",385,118,84,39,6833,287,213,56,7704,343,296,95,86.3,85.51,86.5,"3.84%",231,"98%",246,"100%",3.77,"Private","59%",514,3.71,94,"60.20%","Yes",21.8181818181818,3.11722523049905,6.99923175416133,"CT"
"151",151,"University of Puerto Rico",153,NA,NA,"729","180","25%","","-",504,3.9,"","","","","1.5 Years","","","","","",NA,NA,NA,NA,NA,NA,NA,NA,NA,NA,NA,NA,NA,NA,NA,"",NA,"",NA,"",NA,"","",NA,NA,NA,"","",NA,NA,NA,""
"152",152,"Oakland University",154,NA,NA,"7,726","500","6%","","-",511,3.91,"Yes","Yes","Yes","H/P/F","2 Years","H/HP/P/F","In-House Exams","Yes","Optional","Corewell in Royal Oak, Corewell Troy, Corewell Grosse Pointe",NA,NA,NA,NA,NA,NA,NA,NA,NA,NA,NA,NA,NA,NA,NA,"",NA,"",NA,"",NA,"","",NA,NA,NA,"","Yes",NA,NA,NA,""
"153",153,"CCOM",155,NA,NA,"","","-","","-",507,3.53,"","","","","","","","","","",NA,NA,NA,NA,NA,NA,NA,NA,NA,NA,NA,NA,NA,NA,NA,"",NA,"",NA,"",NA,"","",NA,NA,NA,"","",NA,NA,NA,""
"154",154,"NYIT-COM",156,NA,NA,"","","-","","-",505,3.6,"","","","","","","","","","",NA,NA,NA,NA,NA,NA,NA,NA,NA,NA,NA,NA,NA,NA,NA,"",NA,"",NA,"",NA,"","",NA,NA,NA,"","",NA,NA,NA,""
"155",155,"Washington State (Floyd)",157,NA,NA,"1,443","304","21%","","-",509,3.77,"","","","","","","","","","",NA,NA,NA,NA,NA,NA,NA,NA,NA,NA,NA,NA,NA,NA,NA,"",NA,"",NA,"",NA,"","",NA,NA,NA,"","",NA,NA,NA,""
"156",156,"Western Michigan",158,NA,NA,"4,301","460","11%","","-",513,3.83,"Yes","Yes","Yes","P/F","1.5 Years","H/HP/P/F","In-House Exams","Yes","Required","Ascension Borgess and Bronson Methodist",NA,NA,NA,NA,NA,NA,NA,NA,NA,NA,NA,NA,NA,NA,NA,"",NA,"",NA,"",NA,"","",NA,NA,NA,"","Yes",NA,NA,NA,""
"157",157,"Central Michigan",159,NA,NA,"7,987","528","7%","","-",507,3.78,"Yes","Yes","No","P/F","2 Years","H/P/F","NBME Based","No","Optional","",NA,NA,NA,NA,NA,NA,NA,NA,NA,NA,NA,NA,NA,NA,NA,"",NA,"",NA,"",NA,"","",NA,NA,NA,"","No",NA,NA,NA,""
"158",158,"UT Rio Grande Valley",160,NA,NA,"4,729","510","11%","","-",507,3.79,"Yes","Yes","Yes","P/F","2 Years","H/HP/P/F","In-House Exams","Yes","Optional","",NA,NA,NA,NA,NA,NA,NA,NA,NA,NA,NA,NA,NA,NA,NA,"",NA,"",NA,"",NA,"","",NA,NA,NA,"","",NA,NA,NA,""
"159",159,"VCOM",161,NA,NA,"9,334","1,574","17%","1,387","88%",502,3.7,"","","","","","","","","","",1180,441,376,269,7077,981,847,396,8257,1422,1223,665,86,85.26,86.34,"14.81%",NA,"",NA,"",13.86,"Private","60%",501,3.65,665,"59.55%","Yes",31.864406779661,11.9683481701286,2.66238969043283,"VA"
"160",160,"LECOM",162,NA,80,"21,364","4,223","20%","1,299","31%",505,3.74,"","","","","","","","","","",2535,668,505,293,15762,2280,832,413,18297,2948,1337,706,45.4,75.6,36.49,"7.31%",NA,"",NA,"",14.47,"Private","58%",503,3.68,706,"58.50%","Yes",19.9211045364891,5.27851795457429,3.77399578971325,"PA"
"161",161,"Western University",163,NA,NA,"9,488","1,143","12%","830","73%",507,3.67,"","","","","","","","","","",NA,NA,NA,NA,NA,NA,NA,NA,NA,NA,NA,NA,NA,NA,NA,"",NA,"",NA,"",NA,"","",NA,NA,NA,"","",NA,NA,NA,""
"162",162,"Rowan COM",164,NA,NA,"6,145","536","9%","506","94%",507,3.65,"","","","P/F","2 Years","","","","Optional","",NA,NA,NA,NA,NA,NA,NA,NA,NA,NA,NA,NA,NA,NA,NA,"",NA,"",NA,"",NA,"","",NA,NA,NA,"","",NA,NA,NA,""
"163",163,"Rocky Vista University",165,NA,NA,"","","-","","-",504,3.54,"","","","","","","","","","",NA,NA,NA,NA,NA,NA,NA,NA,NA,NA,NA,NA,NA,NA,NA,"",NA,"",NA,"",NA,"","",NA,NA,NA,"","",NA,NA,NA,""
"164",164,"Texas Christian University",166,NA,57,"6,329","249","4%","120","48%",511,3.82,"","","","","","","","","","",3454,710,425,221,748,54,44,16,4202,764,469,237,61.4,59.86,81.48,"11.16%",227,"97%",238,"98%",7.22,"Public","7%",510,3.71,60,"26.67%","",12.3045744064852,5.88235294117647,2.09177764910249,"TX"
"165",165,"Touro University California",167,NA,NA,"5,448","526","10%","379","72%",507,3.51,"","","","","","","","","","",NA,NA,NA,NA,NA,NA,NA,NA,NA,NA,NA,NA,NA,NA,NA,"",NA,"",NA,"",NA,"","",NA,NA,NA,"","",NA,NA,NA,""
"166",166,"Pacific Northwest",168,NA,NA,"2,442","643","-","421","65%",504,3.6,"","","","","","","","","","",NA,NA,NA,NA,NA,NA,NA,NA,NA,NA,NA,NA,NA,NA,NA,"",NA,"",NA,"",NA,"","",NA,NA,NA,"","",NA,NA,NA,""
"167",167,"ATSU (Mesa)",169,NA,NA,"","","-","","-",504,3.46,"","","","","","","","","","",NA,NA,NA,NA,NA,NA,NA,NA,NA,NA,NA,NA,NA,NA,NA,"",NA,"",NA,"",NA,"","",NA,NA,NA,"","",NA,NA,NA,""
"168",168,"Ponce Health Sciences",170,NA,NA,"1,612","295","18%","","-",499,3.7,"","","","","","","","","","",NA,NA,NA,NA,NA,NA,NA,NA,NA,NA,NA,NA,NA,NA,NA,"",NA,"",NA,"",NA,"","",NA,NA,NA,"","",NA,NA,NA,""
"169",169,"Lincoln Memorial University",171,NA,NA,"5,347","1,016","19%","940","93%",500,3.5,"","","","","","","","","","",NA,NA,NA,NA,NA,NA,NA,NA,NA,NA,NA,NA,NA,NA,NA,"",NA,"",NA,"",NA,"","",NA,NA,NA,"","",NA,NA,NA,""
"170",170,"Marian University",172,NA,NA,"5,702","552","10%","316","57%",504,3.65,"","","","","","","","","","",NA,NA,NA,NA,NA,NA,NA,NA,NA,NA,NA,NA,NA,NA,NA,"",NA,"",NA,"",NA,"","",NA,NA,NA,"","",NA,NA,NA,""
"171",171,"Touro COM",173,NA,NA,"","","-","","-",509,3.56,"","","","","","","","","","",NA,NA,NA,NA,NA,NA,NA,NA,NA,NA,NA,NA,NA,NA,NA,"",NA,"",NA,"",NA,"","",NA,NA,NA,"","",NA,NA,NA,""
"172",172,"CHSU COM",174,NA,NA,"3,300","","-","","-",506,3.4,"","","","","","","","","","",NA,NA,NA,NA,NA,NA,NA,NA,NA,NA,NA,NA,NA,NA,NA,"",NA,"",NA,"",NA,"","",NA,NA,NA,"","",NA,NA,NA,""
"173",173,"Nova Southeastern (Patel)",175,NA,NA,"5,599","1,091","19%","817","75%",513,3.89,"Yes","Yes","Yes","P/F","1.5 Years","H/HP/P/F","NBME Based","Yes","Optional","",NA,NA,NA,NA,NA,NA,NA,NA,NA,NA,NA,NA,NA,NA,NA,"",NA,"",NA,"",NA,"","",NA,NA,NA,"","",NA,NA,NA,""
"174",174,"LUCOM",176,NA,NA,"","","-","","-",504,3.4,"","","","","","","","","","",NA,NA,NA,NA,NA,NA,NA,NA,NA,NA,NA,NA,NA,NA,NA,"",NA,"",NA,"",NA,"","",NA,NA,NA,"","",NA,NA,NA,""
"175",175,"Carle Illinois",177,NA,NA,"2,923","","-","","-",515,3.83,"Yes","Yes","No","S/SAR/US/W","1.5 Years","H/S/SAR/US/W","Both","Yes","Required","University of Illinois and Carle Hospital",NA,NA,NA,NA,NA,NA,NA,NA,NA,NA,NA,NA,NA,NA,NA,"",NA,"",NA,"",NA,"","",NA,NA,NA,"","",NA,NA,NA,""
"176",176,"University of Pikeville",178,NA,NA,"3,429","466","14%","465","100%",502,3.63,"","","","","","","","","","",NA,NA,NA,NA,NA,NA,NA,NA,NA,NA,NA,NA,NA,NA,NA,"",NA,"",NA,"",NA,"","",NA,NA,NA,"","",NA,NA,NA,""
"177",177,"Campbell University",179,NA,NA,"","","-","","-",507,3.66,"","","","","","","","","","",NA,NA,NA,NA,NA,NA,NA,NA,NA,NA,NA,NA,NA,NA,NA,"",NA,"",NA,"",NA,"","",NA,NA,NA,"","",NA,NA,NA,""
"178",178,"California University",180,NA,NA,"6,387","529","8%","244","46%",515,3.8,"No","No","No","P/F","1.5 Years","H/HP/P/F","Both","Yes","Required","",NA,NA,NA,NA,NA,NA,NA,NA,NA,NA,NA,NA,NA,NA,NA,"",NA,"",NA,"",NA,"","",NA,NA,NA,"","",NA,NA,NA,""
"179",179,"WCU COM",181,NA,NA,"3,657","741","20%","698","94%",504,3.56,"","","","","","","","","","",NA,NA,NA,NA,NA,NA,NA,NA,NA,NA,NA,NA,NA,NA,NA,"",NA,"",NA,"",NA,"","",NA,NA,NA,"","",NA,NA,NA,""
"180",180,"San Juan Bautista",182,NA,NA,"1,242","194","16%","","-",499,3.65,"","","","","","","","","","",NA,NA,NA,NA,NA,NA,NA,NA,NA,NA,NA,NA,NA,NA,NA,"",NA,"",NA,"",NA,"","",NA,NA,NA,"","",NA,NA,NA,""
"181",181,"Alabama COM",183,NA,NA,"4,429","1,026","-","205","20%",504,3.38,"","","","","","","","","","",NA,NA,NA,NA,NA,NA,NA,NA,NA,NA,NA,NA,NA,NA,NA,"",NA,"",NA,"",NA,"","",NA,NA,NA,"","",NA,NA,NA,""
"182",182,"California Northstate",184,NA,NA,"4,710","550","12%","","-",514,3.86,"","","","","","","","","","",NA,NA,NA,NA,NA,NA,NA,NA,NA,NA,NA,NA,NA,NA,NA,"",NA,"",NA,"",NA,"","",NA,NA,NA,"","",NA,NA,NA,""
"183",183,"Idaho COM",185,NA,NA,"","","-","","-",507,3.57,"","","","","","","","","","",NA,NA,NA,NA,NA,NA,NA,NA,NA,NA,NA,NA,NA,NA,NA,"",NA,"",NA,"",NA,"","",NA,NA,NA,"","",NA,NA,NA,""
"184",184,"Universidad Central del Caribe",186,NA,NA,"988","203","21%","","-",499,3.77,"Yes","Yes","Yes","A/B/C/F","2 Years","A/B/C/F","Both","Yes","Required","HURRA Hospital",NA,NA,NA,NA,NA,NA,NA,NA,NA,NA,NA,NA,NA,NA,NA,"",NA,"",NA,"",NA,"","",NA,NA,NA,"","",NA,NA,NA,""
"185",185,"Burrel COM",187,NA,NA,"5,036","","-","","-",501,3.48,"","","","","","","","","","",NA,NA,NA,NA,NA,NA,NA,NA,NA,NA,NA,NA,NA,NA,NA,"",NA,"",NA,"",NA,"","",NA,NA,NA,"","",NA,NA,NA,""
"186",186,"SHSU COM",188,NA,NA,"","","-","","-",506,3.69,"","","","","","","","","","",NA,NA,NA,NA,NA,NA,NA,NA,NA,NA,NA,NA,NA,NA,NA,"",NA,"",NA,"",NA,"","",NA,NA,NA,"","",NA,NA,NA,""
"187",187,"Incarnate Word",189,NA,NA,"","","-","","-",503,3.6,"","","","","","","","","","",NA,NA,NA,NA,NA,NA,NA,NA,NA,NA,NA,NA,NA,NA,NA,"",NA,"",NA,"",NA,"","",NA,NA,NA,"","",NA,NA,NA,""
"188",188,"UT Tyler",190,NA,NA,"","","-","","-",505,3.84,"Yes","Yes","No","P/F","1.5 Years","H/P/F","NBME Based","Yes","Optional","",NA,NA,NA,NA,NA,NA,NA,NA,NA,NA,NA,NA,NA,NA,NA,"",NA,"",NA,"",NA,"","",NA,NA,NA,"","",NA,NA,NA,""
"189",189,"Kansas Health Science",191,NA,NA,"","","-","","-",502,3.42,"","","","","","","","","","",NA,NA,NA,NA,NA,NA,NA,NA,NA,NA,NA,NA,NA,NA,NA,"",NA,"",NA,"",NA,"","",NA,NA,NA,"","",NA,NA,NA,""
"190",190,"ATSU (Kirksville)",192,NA,NA,"","","-","","-",503,3.71,"","","","","","","","","","",NA,NA,NA,NA,NA,NA,NA,NA,NA,NA,NA,NA,NA,NA,NA,"",NA,"",NA,"",NA,"","",NA,NA,NA,"","",NA,NA,NA,""
"191",191,"Noorda COM",193,NA,NA,"","","-","","-",504,3.47,"","","","","","","","","","",NA,NA,NA,NA,NA,NA,NA,NA,NA,NA,NA,NA,NA,NA,NA,"",NA,"",NA,"",NA,"","",NA,NA,NA,"","",NA,NA,NA,""
