"School","USNWR Ranking Research","USNWR Primary Care Ranking","Apps IS","IS II","IS Accepted","IS enrolled","Apps OOS","OOS II","OOS Accepted","OOS enrolled","Total apps","TOTAL II","total accepted","Total enrolled","post II % A","IS % post II-A","OOS % post II-A","A % rate","Step 1","Step 1 % pass","step 2","step 2 pass","OOS II/OOS applicants","Public/Private","OOS/IS matriculants","Median MCAT","Median GPA","# international students matriculated","notes","class size","% of students OOS","apply OOS to public state school?","","","",""
"Harvard","1","8","511","75","22","19","6197","723","212","149","6708","798","234","168","29.3","29.33","29.32","3.49%","245","100%","250","100%","11.67","Private - MA","89%","520","3.94"," "," ","165","90.30%"," "," "," "," "," "
"NYU","2","41","1291","135","33","20","7952","865","172","82","9243","1000","205","102","20.5","24.44","19.88","2.22%","244","99%","250","99%","10.88","Private - NY","80%","522","3.95"," "," ","101","81.19%"," "," "," "," "," "
"Duke","3","51","575","103","40","23","7047","571","238","98","7622","674","278","121","41.2","38.83","41.68","3.65%","241","99%","245","97%","8.10","Private-NC","81%","519","3.89"," "," ","129","75.97%"," "," "," "," "," "
"Columbia","4","66","1219","124","47","21","6074","733","253","119","7293","857","300","140","35.0","37.90","34.52","4.11%","238","98%","244","99%","12.07","Private - NY","85%","522","3.92"," "," ","138","86.23%"," "," "," "," "," "
"Stanford","4","22","2323","154","37","25","4477","315","118","65","6800","469","155","90","33.0","24.03","37.46","2.28%","243","100%","243","100%","7.04","Private - CA","72%","519","3.89"," "," ","90","72.22%"," "," "," "," "," "
"UC San Franscisco","4","2","3537","314","169","118","3808","193","116","43","7345","507","285","161","56.2","53.82","60.10","3.88%","238","100%","247","99%","5.07","Public - CA","27%","518","3.86"," "," ","178","24.16%"," "," "," "," "," "
"Johns Hopkins","7","59","265","46","21","13","3935","618","263","108","4200","664","284","121","42.8","45.65","42.56","6.76%","246","100%","250","100%","15.71","Private - MD","89%","521","3.95"," "," ","118","91.53%"," "," "," "," "," "
"University of Washington","7","1","1386","632","310","252","6186","54","48","18","7572","686","358","270","52.2","49.05","88.89","4.73%","231","97%","245","99%","0.87","Public - WA","7%","512","3.74"," "," ","270","6.67%"," "," "," "," "," "
"University of Pennsylvania (Perelman)","9","24","510","74","25","19","4750","660","250","136","5260","734","275","155","37.5","33.78","37.88","5.23%","247","99%","252","100%","13.89","Private-PA","88%","522","3.94"," "," ","152","89.47%"," "," "," "," "," "
"Yale","10","59","203","34","15","11","4806","614","276","89","5009","648","291","100","44.9","44.12","44.95","5.81%","244","99%","248","97%","12.78","Private - CT","89%","521","3.91"," "," ","104","85.58%"," "," "," "," "," "
"Mayo (Alix)","11","41","667","79","28","21","5663","738","174","84","6330","817","202","105","24.7","35.44","23.58","3.19%","245","99%","245","100%","13.03","Private - MN","80%","520","3.94"," "," ","103","81.55%"," "," "," "," "," "
"Wash U St. Louis","11","59","168","47","9","5","3527","1093","288","99","3695","1140","297","104","26.1","19.15","26.35","8.04%","241","98%","255","100%","30.99","Private - MO","95%","521","3.94"," "," ","124","79.84%"," "," "," "," "," "
"University of Pittsburgh","13","34","829","156","84","55","6348","578","249","94","7177","734","333","149","45.4","53.85","43.08","4.64%","233","95%","249","99%","9.11","Private-PA","63%","518","3.86"," "," ","149","63.09%"," "," "," "," "," "
"Vanderbilt","13","36","295","33","28","23","5583","577","297","71","5878","610","325","94","53.3","84.85","51.47","5.53%","246","98%","251","100%","10.33","Private-TN","76%","521","3.94"," "," ","93","76.34%"," "," "," "," "," "
"Michigan","15","15","1240","104","91","72","7032","364","290","96","8272","468","381","168","81.4","87.50","79.67","4.61%","237","98%","251","99%","5.18","Public - WI","57%","518","3.87"," "," ","168","57.14%","YES"," "," "," "," "
"Northwestern Feinberg","15","39","836","127","74","41","6216","674","329","119","7052","801","403","160","50.3","58.27","48.81","5.71%","244","99%","254","100%","10.84","Private-IL","74%","520","3.91"," "," ","160","74.38%"," "," "," "," "," "
"Icahn Mt. Sinai","17","69","1357","216","83","38","5342","732","271","102","6699","948","354","140","37.3","38.43","37.02","5.28%","239","99%","251","99%","13.70","Private - NY","73%","519","3.87"," "," ","140","72.86%"," "," "," "," "," "
"University of Chicago Pritzker","17","34","709","83","42","16","5440","548","209","74","6149","631","251","90","39.8","50.60","38.14","4.08%","242","99%","250","99%","10.07","Private - IL","82%","521","3.93"," "," ","90","82.22%"," "," "," "," "," "
"Cornell (Weill)","19","51","1240","143","57","22","5642","670","236","84","6882","813","293","106","36.0","39.86","35.22","4.26%","236","98%","252","100%","11.88","Private-NY","79%","519","3.91"," "," ","106","79.25%"," "," "," "," "," "
"UC San Diego","19","28","4418","549","207","117","3328","223","70","17","7746","772","277","134","35.9","37.70","31.39","3.58%","235","100%","248","98%","6.70","Public - CA","13%","517","3.83"," "," ","133","12.78%"," "," "," "," "," "
"UCLA","21","12","5619","469","163","105","6165","360","170","70","11784","829","333","175","40.2","34.75","47.22","2.83%","235","97%","246","99%","5.84","Public - CA","40%","516","3.84"," "," ","175","40.00%","YES but low yield"," "," "," "," "
"Baylor","22","17","1888","581","257","156","4363","259","77","30","6251","840","334","186","39.8","44.23","29.73","5.34%","244","100%","252","100%","5.94","Private-TX","16%","518","3.93"," "," ","188","15.96%"," "," "," "," "," "
"Emory","22","36","591","159","67","44","8428","502","241","92","9019","661","308","136","46.6","42.14","48.01","3.42%","239","99%","249","99%","5.96","Private_GA","68%","517","3.8"," "," ","136","67.65%"," "," "," "," "," "
"University of North Carolina","24","3","1062","504","205","159","5220","125","52","34","6282","629","257","193","40.9","40.67","41.60","4.09%","234","98%","249","100%","2.39","Public - NC","18%","515","3.78"," "," ","193","17.62%","no"," "," "," "," "
"Case Western Reserve","25","74","761","122","64","34","7365","926","477","181","8126","1048","541","215","51.6","52.46","51.51","6.66%","237","98%","246","99%","12.57","Private-OH","84%","519","3.86"," "," ","215","84.19%"," "," "," "," "," "
"UT Southwestern","26","32","4137","676","349","192","1319","147","74","36","5456","823","423","228","51.4","51.63","50.34","7.75%","238","100%","251","99%","11.14","Public - TX","16%","518","3.9"," "," ","228","15.79%"," "," "," "," "," "
"Colorado","27","6","679","136","85","66","9756","570","241","89","10435","706","326","155","46.2","62.50","42.28","3.12%","226","93%","245","100%","5.84","Public - CO","57%","515","3.83"," "," ","155","57.42%","YES but check out tuition"," "," "," "," "
"U Maryland","27","16","908","266","180","109","3976","275","105","43","4884","541","285","152","52.7","67.67","38.18","5.84%","232","98%","244","99%","6.92","Public - MD","28%","514","3.83"," "," ","152","28.29%","Yes"," "," "," "," "
"Oregon","29","4","634","361","160","116","5921","205","81","34","6555","566","241","150","42.6","44.32","39.51","3.68%","226","96%","242","100%","3.46","Public - OR","23%","512","3.77"," "," ","160","21.25%"," "," "," "," "," "
"USC - Keck","29","46","3908","546","276","150","4477","196","103","36","8385","742","379","186","51.1","50.55","52.55","4.52%","236","99%","245","99%","4.38","Private - CA","19%","517","3.76"," "," ","186","19.35%"," "," "," "," "," "
"University of Virginia","31","19","641","133","116","73","3192","451","353","82","3833","584","469","155","80.3","87.22","78.27","12.24%","238","99%","256","99%","14.13","Public - VA","53%","520","3.93"," "," ","156","52.56%","Yes"," "," "," "," "
"Alabama - Birmingham","32","21","537","279","184","157","4076","206","100","29","4613","485","284","186","58.6","65.95","48.54","6.16%","233","98%","243","99%","5.05","Public - AL","16%","510","3.86"," "," ","202","14.36%"," "," "," "," "," "
"Boston University","33","44","729","159","78","33","7355","846","393","119","8084","1005","471","152","46.9","49.06","46.45","5.83%","238","99%","250","99%","11.50","Private-MA","78%","518","3.86"," "," ","152","78.29%"," "," "," "," "," "
"Ohio State","33","28","1232","270","165","109","5877","303","214","96","7109","573","379","205","66.1","61.11","70.63","5.33%","232","97%","253","100%","5.16","Public - OH","47%","517","3.92"," "," ","205","46.83%","YES"," "," "," "," "
"Wisconsin","33","12","712","351","162","131","4367","211","132","40","5079","562","294","171","52.3","46.15","62.56","5.79%","238","100%","248","99%","4.83","Public - WI","23%","513","3.8"," "," ","171","23.39%"," "," "," "," "," "
"Brown - Alpert","36","19","105","20","20","15","9033","355","270","129","9138","375","290","144","77.3","100.00","76.06","3.17%","234","100%","250","98%","3.93","Private-RI","90%","517","3.83"," "," ","144","89.58%"," "," "," "," "," "
"University of Florida","36","51","2430","317","182","112","2215","78","52","23","4645","395","234","135","59.2","57.41","66.67","5.04%","234","97%","251","100%","3.52","Public - FL","17%","515","3.9"," "," ","135","17.04%"," "," "," "," "," "
"Rochester","36","14","1208","144","82","33","3950","463","218","69","5158","607","300","102","49.4","56.94","47.08","5.82%","232","99%","246","100%","11.72","Private-NY","68%","518","3.84"," "," ","102","67.65%"," "," "," "," "," "
"Albert Einstein","39","69","1645","354","141","92","6432","584","216","91","8077","938","357","183","38.1","39.83","36.99","4.42%","237","99%","247","99%","9.08","Private - NY","50%","515","3.81"," "," ","183","49.73%"," "," "," "," "," "
"Iowa","39","22","333","242","125","104","3691","481","159","48","4024","723","284","152","39.3","51.65","33.06","7.06%","235","99%","243","99%","13.03","Public - IA","32%","515","3.86"," "," ","152","31.58%","YES"," "," "," "," "
"Utah","41","32","567","365","122","89","2840","224","71","36","3407","589","193","125","32.8","33.42","31.70","5.66%","239","100%","247","97%","7.89","Public - UT","29%","513","3.82"," "," ","125","28.80%","if u mormon"," "," "," "," "
"Cincinnati","42","59","1171","251","157","85","3944","370","233","97","5115","621","390","182","62.8","62.55","62.97","7.62%","240","99%","250","99%","9.38","Public - OH","53%","517","3.84"," "," ","182","53.30%","YES"," "," "," "," "
"Indiana","42","36","682","466","346","291","5306","570","238","74","5988","1036","584","365","56.4","74.25","41.75","9.75%","232","99%","241","98%","10.74","Public - IN","20%","512","3.84"," "," ","360","20.56%","YES"," "," "," "," "
"Minnesota","42","5","1397","484","231","192","4856","444","121","49","6253","928","352","241","37.9","47.73","27.25","5.63%","229","96%","243","98%","9.14","Public - MN","20%","513","3.81"," "," ","240","20.42%","Maybe if ties"," "," "," "," "
"Dartmouth (Geisel)","45","24","76","19","11","5","8283","655","246","87","8359","674","257","92","38.1","57.89","37.56","3.07%","237","100%","245","98%","7.91","Private-NH","95%","516","3.77"," "," ","92","94.57%"," "," "," "," "," "
"Massachusetts","45","10","979","449","212","112","3505","385","179","50","4484","834","391","162","46.9","47.22","46.49","8.72%","233","100%","247","98%","10.98","Public - MA","31%","516","3.82"," "," ","162","30.86%","YES"," "," "," "," "
"Miami","45"," ","2105","262","178","100","6674","348","182","104","8779","610","360","204","59.0","67.94","52.30","4.10%","235","98%","246","98%","5.21","Private-FL","51%","514","3.78"," "," ","204","50.98%"," "," "," "," "," "
"UC Davis","48","11","4800","498","239","123","2228","20","8","4","7028","518","247","127","47.7","47.99","40.00","3.51%","223","95%","238","98%","0.90","Public - CA","3%","512","3.69"," "," ","119","3.36%","NO NO NO"," "," "," "," "
"UC Irvine","48","41","4521","484","205","94","1637","74","30","10","6158","558","235","104","42.1","42.36","40.54","3.82%","238","99%","246","100%","4.52","Public - CA","10%","516","3.85"," "," ","104","9.62%"," "," "," "," "," "
"Wake Forest","48","80","822","95","76","41","8427","381","212","104","9249","476","288","145","60.5","80.00","55.64","3.11%","234","99%","252","100%","4.52","Private - NC","72%","513","3.76"," "," ","145","71.72%"," "," "," "," "," "
"USF Health Morsani College of Medicine","48","69","2297","453","240","119","3038","233","156","93","5335","686","396","212","57.7","52.98","66.95","7.42%","237","99%","245","96%","7.67","Public - FL","44%","516","3.8"," "," "," "," "," "," "," "," "," "
"UT San Antonio","52","46","4233","908","340","185","1086","153","53","27","5319","1061","393","212","37.0","37.44","34.64","7.39%","232","98%","246","99%","14.09","Public - TX","13%","517","3.88"," "," ","212","12.74%","IF TIES"," "," "," "," "
"McGovern Medical School at UT Houston","53","84","4247","861","377","229","1123","41","22","11","5370","902","399","240","44.2","43.79","53.66","7.43%","236","99%","245","97%","3.65","Public - TX","5%","513","3.88"," "," ","240","4.58%"," "," "," "," "," "
"Nebraska","54","6","308","288","128","113","1347","184","48","18","1655","472","176","131","37.3","44.44","26.09","10.63%","227","93%","248","99%","13.66","Public - NE","14%","513","3.9"," "," ","126","14.29%","yes maybe?"," "," "," "," "
"Georgetown","55","89","70","13","6","6","14394","1016","384","197","14464","1029","390","203","37.9","46.15","37.80","2.70%","232","99%","246","98%","7.06","Private - DC","97%","513","3.79"," "," ","200","98.50%"," "," "," "," "," "
"Illinois","55","67","1707","468","351","236","3308","218","190","64","5015","686","541","300","78.9","75.00","87.16","10.79%","229","93%","246","98%","6.59","Public - IL","21%","513","3.76"," "," ","310","20.65%","nah check out their OOS tuition"," "," "," "," "
"Jefferson (Sidney Kimmel)","55","59","1102","173","110","93","8814","500","304","179","9916","673","414","272","61.5","63.58","60.80","4.18%","235","99%","245","99%","5.67","Private - PA","66%","514","3.8"," "," ","270","66.30%"," "," "," "," "," "
"Stony Brook","55"," ","2011","415","248","87","3156","342","161","49","5167","757","409","136","54.0","59.76","47.08","7.92%","242","99%","247","99%","10.84","Public - NY","36%","516","3.86"," "," ","136","36.03%","YES"," "," "," "," "
"Tufts","55","51","945","167","104","54","11069","654","398","146","12014","821","502","200","61.1","62.28","60.86","4.18%","235","98%","246","99%","5.91","Private - MA","73%","515","3.78"," "," ","200","73.00%"," "," "," "," "," "
"George Washington Univ","60","78","0","0","0","0","11772","1149","329","178","11772","1149","329","178","28.6"," ","28.63","2.79%","226","95%","243","98%"," ","Private - DC","100%","513","3.78"," "," ","180","98.89%"," "," "," "," "," "
"Temple (LKSOM)","61","84","978","349","157","101","7390","620","290","117","8368","969","447","218","46.1","44.99","46.77","5.34%","232","96%","246","99%","8.39","Private - PA","54%","513","3.77"," "," ","200","58.50%"," "," "," "," "," "
"U Connecticut","61","44","493","192","139","88","3236","126","99","22","3729","318","238","110","74.8","72.40","78.57","6.38%","232","96%","247","97%","3.89","Public - CT","20%","513","3.82"," "," ","106","20.75%","no"," "," "," "," "
"Virginia Commonwealth University","61","51","1121","359","166","94","6188","335","203","92","7309","694","369","186","53.2","46.24","60.60","5.05%","230","97%","245","99%","5.41","Public - VA","49%","513","3.82"," "," ","184","50.00%"," "," "," "," "," "
"Hawaii","64","24","300","185","72","67","1876","121","29","10","2176","306","101","77","33.0","38.92","23.97","4.64%","233","99%","241","100%","6.45","Public - HI","13%","513","3.84"," "," ","72","13.89%"," "," "," "," "," "
"Rush","64","69","900","127","73","53","6586","382","235","102","7486","509","308","155","60.5","57.48","61.52","4.11%","232","100%","245","98%","5.80","Private-IL","66%","511","3.67"," "," ","144","70.83%"," "," "," "," "," "
"Hofstra","66","76","1257","310","142","54","2848","530","198","45","4105","840","340","99","40.5","45.81","37.36","8.28%","239","99%","249","99%","18.61","Private - NY","45%","518","3.84"," "," ","99","45.45%"," "," "," "," "," "
"Rutgers NJMS","66"," ","1465","485","229","149","4044","289","135","29","5509","774","364","178","47.0","47.22","46.71","6.61%","233","99%","244","96%","7.15","Public - NJ","16%","515","3.82"," "," ","178","16.29%"," "," "," "," "," "
"University of Vermont (Larner)","66","24","76","67","46","30","5524","563","267","94","5600","630","313","124","49.7","68.66","47.42","5.59%","229","96%","247","98%","10.19","Public - VT","76%","512","3.7"," "," ","119","78.99%","YES"," "," "," "," "
"Wayne State","66","89","1745","612","369","203","7775","572","353","88","9520","1184","722","291","61.0","60.29","61.71","7.58%","234","99%","242","97%","7.36","Public - MI","30%","513","3.86"," "," ","288","30.56%","maybe"," "," "," "," "
"Arizona- Tuscon","70","58","768","278","136","89","8795","200","80","28","9563","478","216","117","45.2","48.92","40.00","2.26%","229","98%","242","99%","2.27","Public - AZ","24%","510","3.79"," "," ","120","23.33%","no"," "," "," "," "
"Kentucky","70"," ","579","378","208","171","2198","140","58","34","2777","518","266","205","51.4","55.03","41.43","9.58%","226","93%","247","99%","6.37","Public - KY","17%","508","3.81"," "," ","166","20.48%","yes if ties to state"," "," "," "," "
"Rutgers RWJMS","70"," ","1478","422","237","134","4121","131","82","40","5599","553","319","174","57.7","56.16","62.60","5.70%","232","98%","246","97%","3.18","Public - NJ","23%","514","3.75"," "," ","174","22.99%"," "," "," "," "," "
"Saint Louis University","70","46","384","70","44","22","5527","1024","552","161","5911","1094","596","183","54.5","62.86","53.91","10.08%","237","98%","247","98%","18.53","Private-MO","88%","514","3.91"," "," ","183","87.98%"," "," "," "," "," "
"Oklahoma","74","51","434","284","174","153","2365","45","32","11","2799","329","206","164","62.6","61.27","71.11","7.36%","231","95%","244","100%","1.90","Public - OK","7%","511","3.85"," "," ","165","6.67%"," "," "," "," "," "
"Louisville","75","74","513","313","199","119","4128","162","96","40","4641","475","295","159","62.1","63.58","59.26","6.36%","227","97%","244","99%","3.92","Public - KY","25%","509","3.77"," "," ","162","24.69%"," "," "," "," "," "
"MCG Augusta","75","91","1273","537","360","236","1495","47","14","4","2768","584","374","240","64.0","67.04","29.79","13.51%","225","100%","247","99%","3.14","Public - GA","2%","513","3.82"," "," ","230","1.74%"," "," "," "," "," "
"Missouri - Columbia","75","46","560","324","154","109","2509","82","40","19","3069","406","194","128","47.8","47.53","48.78","6.32%","234","95%","248","99%","3.27","Public - MO","15%","509","3.86"," "," ","112","16.96%"," "," "," "," "," "
"Texas A&M","75","84","4149","585","354","157","1009","82","31","18","5158","667","385","175","57.7","60.51","37.80","7.46%","232","97%","244","99%","8.13","Public - TX","10%","513","3.84"," "," ","126","14.29%"," "," "," "," "," "
"Kansas","75","9","515","379","212","186","2542","165","50","25","3057","544","262","211","48.2","55.94","30.30","8.57%","230","99%","243","99%","6.49","Public - KS","12%","511","3.88"," "," ","211","11.85%"," "," "," "," "," "
"Arkansas","75","39","338","324","190","160","690","84","18","8","1028","408","208","168","51.0","58.64","21.43","20.23%","224","90%","240","96%","12.17","Public - AK","5%","508","3.77"," "," ","168","4.76%"," "," "," "," "," "
"Buffalo","81","91","1969","475","277","159","2392","131","67","23","4361","606","344","182","56.8","58.32","51.15","7.89%","232","97%","244","98%","5.48","Public - NY","13%","512","3.75"," "," ","184","12.50%"," "," "," "," "," "
"New Mexico","81","28","239","210","109","90","1483","40","14","7","1722","250","123","97","49.2","51.90","35.00","7.14%","220","91%","240","96%","2.70","Public - NM","7%","505","3.8"," "," ","103","6.80%"," "," "," "," "," "
"Missouri - Kansas City","83","64","372","151","107","81","1226","278","99","46","1598","429","206","127","48.0","70.86","35.61","12.89%","226","98%","242","99%","22.68","Public-MO","36%","509","3.89"," "," ","127","36.22%"," "," "," "," "," "
"Virginia Tech","83"," ","737","61","27","12","3562","219","73","36","4299","280","100","48","35.7","44.26","33.33","2.33%","234","98%","248","100%","6.15","Public - VA","75%","512","3.57"," "," ","48","75.00%"," "," "," "," "," "
"West Virginia University","83","67","212","112","74","61","4841","499","91","51","5053","611","165","112","27.0","66.07","18.24","3.27%","234","99%","246","100%","10.31","Public - WV","46%","509","3.88"," "," ","112","45.54%","YES"," "," "," "," "
"Drexel","86"," ","962","416","233","74","10670","1209","589","193","11632","1625","822","267","50.6","56.01","48.72","7.07%","231","99%","243","97%","11.33","Private-PA","72%","512","3.75"," "," ","256","75.39%"," "," "," "," "," "
"UCF (Central Florida)","86"," ","2791","306","190","80","1887","155","116","40","4678","461","306","120","66.4","62.09","74.84","6.54%","253","97%","247","98%","8.21","Public - FL","33%","514","3.88"," "," ","120","33.33%","YES"," "," "," "," "
"Eastern Virginia Medical School (EVMS)","88","46","1071","347","161","81","5779","452","192","70","6850","799","353","151","44.2","46.40","42.48","5.15%","235","99%","245","99%","7.82","Public - VA","46%","513","3.71"," "," ","151","46.36%","YES"," "," "," "," "
"SUNY Upstate","88"," ","2066","543","335","141","2305","177","78","19","4371","720","413","160","57.4","61.69","44.07","9.45%","230","98%","245","99%","7.68","Public - NY","12%","513","3.77"," "," "," "," "," "," "," "," "," "
"Nevada Reno","90","84","343","267","83","64","1300","76","18","6","1643","343","101","70","29.4","31.09","23.68","6.15%","232","98%","244","98%","5.85","Public - NV","9%","509","3.82"," "," ","70","8.57%"," "," "," "," "," "
"NYMC","90"," ","1933","508","243","112","8863","481","220","100","10796","989","463","212","46.8","47.83","45.74","4.29%","233","99%","241","98%","5.43","Private-NY","47%","513","3.72"," "," ","210","47.62%"," "," "," "," "," "
"U South Carolina","90","76","462","225","140","73","2807","115","61","26","3269","340","201","99","59.1","62.22","53.04","6.15%","230","99%","237","99%","4.10","Public -SC","26%","508","3.79"," "," ","100","26.00%"," "," "," "," "," "
"Cooper"," "," ","1205","217","147","82","4780","177","94","29","5985","394","241","111","61.2","67.74","53.11","4.03%","233","97%","244","96%","3.70","Public - NJ","26%","512","3.79"," "," ","107","27.10%","YES "," "," "," "," "
"East Carolina (Brody ECU)"," ","28","1036","434","143","86","0","0","0","0","1036","434","143","86","32.9","32.95"," ","13.80%","231","99%","243","96%"," ","Public - NC","0%","509","3.71"," "," ","86","0.00%"," "," "," "," "," "
"East Tennessee"," ","64","636","251","89","56","1797","67","24","16","2433","318","113","72","35.5","35.46","35.82","4.64%","229","97%","244","98%","3.73","Public-TN","22%","508","3.81"," "," ","72","22.22%"," "," "," "," "," "
"FAU"," "," ","2134","217","104","43","1617","105","50","22","3751","322","154","65","47.8","47.93","47.62","4.11%","231","95%","249","100%","6.49","Public - FL","34%","513","3.8"," "," ","65","33.85%","YES"," "," "," "," "
"Florida International University"," "," ","2455","357","215","97","2418","155","105","23","4672","553","320","120","57.9","60.42","51.48","6.85%","241","100%","246","99%","7.74","Public-FL","19%","511","3.79"," "," ","120","18.33%"," "," "," "," "," "
"Florida State University"," ","79","2695","254","144","118","4453","18","5","2","7148","272","149","120","54.8","56.69","51.48","2.08%","227","95%","243","97%","0.40","Public - FL","2%","508","3.76"," "," ","120","1.67%"," "," "," "," "," "
"Frank H Netter Quinnipiac"," "," ","385","118","84","39","6833","287","213","56","7704","343","296","95","86.3","85.51","86.50","3.84%","231","98%","246","100%","3.77","Private-CT","59%","514","3.71"," "," ","94","60.20%"," "," "," "," "," "
"Howard"," ","84","38","25","9","7","8720","325","247","111","8758","350","256","118","73.1","36.00","76.00","2.92%","213","86%","229","89%","3.73","Private - DC","94%","505","3.53"," "," ","120","92.50%"," "," "," "," "," "
"LSU Shreveport"," "," ","604","306","230","140","2107","13","11","8","2711","319","241","148","75.5","75.16","84.62","8.89%","219","86%","241","99%","0.62","Public - LO","5%","506","3.77"," "," "," "," "," "," "," "," "," "
"Marshall"," "," ","209","146","95","69","1922","56","15","11","2131","202","110","80","54.5","65.07","26.79","5.16%","218","89%","237","97%","2.91","Public - WV","14%","502","3.7"," "," ","79","13.92%"," "," "," "," "," "
"Tennessee"," ","80","710","455","210","154","1356","72","39","16","2066","527","249","170","47.2","46.15","54.17","12.05%","228","93%","245","98%","5.31","Public - TN","9%","513","3.82"," "," ","170","9.41%"," "," "," "," "," "
"Texas Tech Lubbock"," ","69","3288","775","307","164","584","78","44","16","3872","853","351","180","41.1","39.61","56.41","9.07%","229","98%","242","99%","13.36","Public - TX","9%","510","3.87"," "," ","180","8.89%"," "," "," "," "," "
"Toledo"," "," ","937","246","223","124","3551","136","119","52","4488","382","342","176","89.5","90.65","87.50","7.62%","228","98%","247","99%","3.83","Public - OH","30%","510","3.76"," "," ","175","29.71%","YES"," "," "," "," "
"UC Riverside"," "," ","3652","277","125","77","141","4","3","1","3793","281","128","78","45.6","45.13"," ","3.37%","229","93%","243","96%"," ","Public - CA","1%","508","3.59"," "," ","70","1.43%"," "," "," "," "," "
"TCU & University of North Texas Health Science Center"," ","57","3454","710","425","221","748","54","44","16","4202","764","469","237","61.4","59.86","81.48","11.16%","227","97%","238","98%","7.22","Public-TX","7%","510","3.71"," "," ","60","26.67%"," "," "," "," "," "
"Wright State Boonshoft"," ","80","1176","258","143","79","6347","135","71","39","7523","393","214","118","54.5","55.43","52.59","2.84%","227","98%","231","100%","2.13","Public - OH","33%","508","3.73"," "," ","120","32.50%"," "," "," "," "," "
"Loyola University Chicago Stritch School of Medicine"," "," ","1686","166","101","59","13219","484","328","116","14905","650","429","175","66.0","60.84","67.77","2.88%"," "," "," "," ","3.66","Private-IL","66%","512","3.76"," "," ","165","70.30%"," "," "," "," "," "
"MCW (unranked 2021)"," "," ","658","282","236","137","4738","329","289","113","5396","611","525","250","85.9","83.69","87.84","9.73%","231","97%","239","97%","6.94","Private - WI","45%","511","3.73"," "," ","250","45.20%"," "," "," "," "," "
"Michigan State (unranked 2021)"," "," ","1653","370","192","135","4742","122","71","55","6395","492","263","190","53.5","51.89","58.20","4.11%","224","93%","237","92%","2.57","Public - MI","29%","509","3.76"," "," ","190","28.95%"," "," "," "," "," "
"MUSC"," "," ","512","308","188","146","873","56","26","11","1385","364","214","157","58.8","61.04","46.43","15.45%","229","96%","243","96%","6.41","Public - SC","7%","510","3.83"," "," ","171","6.43%"," "," "," "," "," "
"North Dakota (unranked 2021)"," "," ","141","118","46","43","370","138","59","35","511","256","105","78","41.0","38.98","42.75","20.55%","226","71%","240","57%","37.30","Public - ND","45%","507","3.8"," "," ","77","45.45%","No unless nearby"," "," "," "," "
"South Dakota (unranked 2021)"," "," ","157","137","66","61","667","83","19","6","824","220","85","67","38.6","48.18","22.89","10.32%","229","98%"," "," ","12.44","Public - SD","9%","508","3.87"," "," ","67","8.96%"," "," "," "," "," "
"Texas Tech El Paso (unranked 2021)"," "," ","3331","521","215","97","671","25","12","3","4002","546","227","100","41.6","41.27","48.00","5.67%","223","96%"," "," ","3.73","Public - TX","3%","512","3.89"," "," ","100","3.00%"," "," "," "," "," "
"UTMB (unranked 2020)"," "," ","3922","1053","494","223","981","45","26","7","4903","1098","520","230","47.4","46.91","57.78","10.61%","236","100%"," "," ","4.59","Public - TX","3%","511","3.88"," "," ","230","3.04%"," "," "," "," "," "
"Midwestern University Chicago"," ","17","624","256","191","102","4475","482","405","113","5099","738","596","215","80.8","74.61","84.02","11.69%","233","97%","241","97%","10.77","Private - IL","53%","507","3.65"," "," ","215","52.56%"," "," "," "," "," "
"LECOM"," ","80","2535","668","505","293","15762","2280","832","413","18297","2948","1337","706","45.4","75.60","36.49","7.31%"," "," "," "," ","14.47","Private - PA","58%","503","3.68"," "," ","706","58.50%"," "," "," "," "," "
"VCOM"," "," ","1180","441","376","269","7077","981","847","396","8257","1422","1223","665","86.0","85.26","86.34","14.81%"," "," "," "," ","13.86","Private - VA","60%","501","3.65"," "," ","665","59.55%"," "," "," "," "," "
"Midwestern Arizona"," "," ","369","172","144","92","3994","642","517","160","4363","814","661","252","81.2","83.72","80.53","15.15%","227","96%","239","99%","16.07","Private - AZ","63%","507","3.54"," "," ","252","63.49%"," "," "," "," "," "
" "," "," "," "," "," "," "," "," "," "," "," "," "," "," "," "," "," "," "," "," "," "," "," "," "," ","513.4083333","3.812666667"," "," "," "," "," "," "," "," "," "
"Western Michigan"," "," "," "," "," "," "," "," "," "," "," "," "," "," "," "," "," "," "," "," "," "," "," "," "," ","516","3.79"," "," "," "," "," "," "," "," "," "
"Kaiser"," "," "," "," "," "," "," "," "," "," "," "," "," "," "," "," "," "," "," "," "," "," "," "," "," ","516","3.87"," "," "," "," "," "," "," "," "," "
"Arizona-Phoenix"," "," "," "," "," "," "," "," "," "," "," "," "," "," "," "," "," "," "," "," "," "," "," "," "," ","515","3.84"," "," "," "," "," "," "," "," "," "
"UT Austin Dell"," "," "," "," "," "," "," "," "," "," "," "," "," "," "," "," "," "," "," "," "," "," "," "," "," ","515","3.92"," "," "," "," "," "," "," "," "," "
"NYU LI"," "," "," "," "," "," "," "," "," "," "," "," "," "," "," "," "," "," "," "," "," "," "," "," "," ","515","3.81"," "," "," "," "," "," "," "," "," "
"SUNY Downstate"," "," "," "," "," "," "," "," "," "," "," "," "," "," "," "," "," "," "," "," "," "," "," "," "," ","514","3.74"," "," "," "," "," "," "," "," "," "
"RFU Chicago Medical School"," "," "," "," "," "," "," "," "," "," "," "," "," "," "," "," "," "," "," "," "," "," "," "," "," ","513","3.74"," "," "," "," "," "," "," "," "," "
"Creighton"," "," "," "," "," "," "," "," "," "," "," "," "," "," "," "," "," "," "," "," "," "," "," "," "," ","513","3.84"," "," "," "," "," "," "," "," "," "
" "," "," "," "," "," "," "," "," "," "," "," ","686"," "," "," "," "," "," "," "," "," "," "," "," "," "," "," "," "," "," "," "," "," "," "," "," "
